ACCOM_NAME,SCORE
아바니 오클랜드 메트로폴리스 레지던스 (Avani Auckland Metropolis Residences),4.13
힐튼 오클랜드 (Hilton Auckland),3.33
Imagine Beach Road,4.0
이비스 버짓 오클랜드공항 (ibis Budget Auckland Airport),3.67
JetPark Hotel Auckland Airport,3.87
크라운 플라자 오클랜드 (Crowne Plaza Auckland),4.08
Swiss-Belsuites Victoria Park Auckland,4.07
나우미 호텔 오클랜드 에어포트 (Naumi Hotel Auckland Airport),3.93
SkyCity Hotel,4.07
그랜드 밀레니엄 오클랜드 (Grand Millennium Auckland),4.21
Garden Court Guest House,3.0
Komani Resorts,3.0
수디마 크라이스트처치 공항 (Sudima Christchurch Airport),4.4
크라이스트처치 시티 호텔 (Christchurch City Hotel),4.5
"샤토 온 더 파크 - 크라이스트처치, 어 더블 트리 바이 힐튼 (Chateau on the Park - Christchurch, a DoubleTree by Hilton)",4.0
브레이크프리 온 캐셀 크라이스트처치 (BreakFree on Cashel Christchurch),3.2
호텔 기브 (Hotel Give),4.07
이비스 크라이스트처치 (ibis Christchurch),4.08
센터 포인트 온 콜롬보 모텔 (CentrePoint on Colombo Motel),4.55
노보텔 크라이스트처치 에어포트 (Novotel Christchurch Airport),4.33
오크스 웰링턴 호텔 (Oaks Wellington Hotel),4.67
리지스 웰링턴 (Rydges Wellington),3.6
Rydges Wellington Airport,4.5
더 매리언 호스텔 (The Marion Hostel),4.4
이비스 웰링턴 (ibis Wellington),3.2
트래블로지 호텔  웰링톤 (Travelodge Hotel Wellington),3.5
Microtel by Wyndham Wellington,3.53
Naumi Hotel Wellington,4.33
호텔 워털루 앤 백패커 (Hotel Waterloo & Backpackers),3.0
윌리스 웰링턴 호텔 (Willis Wellington Hotel),3.8
타이페이 가든 호텔 (Taipei Garden Hotel),3.93
시저 메트로 타이베이 (Caesar Metro Taipei),3.42
코스모스 호텔 타이베이 메인 스테이션 (Cosmos Hotel Taipei Main Station),4.02
로더스 플러스 호텔 타이베이 스테이션 (Roaders Plus Hotel Taipei Station),4.3
호텔 참 참 - 타이베이 (HOTEL CHAM CHAM - Taipei),3.98
시저 파크 호텔 (Caesar Park Hotel),3.72
미라마 가든 호텔 (Miramar Garden Hotel),4.02
저스트 슬립 호텔 시먼딩 (Just Sleep Hotel Ximending),4.1
마예르 인 (Mayer Inn),3.86
더 클라우드 호텔 (The Cloud Hotel),4.04
Hotel YAM LAGOM,4.22
HOTEL YOSHI KAOHSIUNG,4.5
카인드네스 호텔 치서안 (Kindness Hotel Qixian),3.4
그리트 인 (GREET INN),4.43
에어라인 인 - 가오슝 스테이션 (Airline Inn - Kaohsiung Station ),4.57
inns hotel,4.23
스카이원 호텔 (Skyone Hotel),4.3
CU 호텔 가오슝 (CU Hotel Kaohsiung),3.8
레전드 호텔 피어 2 (Legend Hotel Pier 2),4.47
메시 호텔 (Meci Hotel),4.21
파크 시티 호텔 - 화롄 베케이션 (Park City Hotel - Hualien Vacation),4.0
TC HOTEL HUALIEN ZHONG XIAO,3.83
찬타이 호텔 (Chantai Hotel),1.75
저스트 슬립 화롄 종정 (Just Sleep Hotel Hualien Zhongzheng),4.4
레이크쇼 Hotel 화롄 (Lakeshore Hotel Hualien),4.17
코지 하우스 호스텔 (Cozy House Hostel),4.0
Lakeshore Hotel Hualien Taroko,4.0
스태리 인 (Starry Inn),3.0
글렌우드 비앤비 (Glenwood Bed and Breakfast),4.75
LakeShore Hotel Tainan,3.96
U.I.J Hotel&Hostel (UIJ),4.6
더 레트로 타이판 (The Retro Tai-Pan),4.47
웨이 얏 그랜드호텔 (Wei-Yat Grand Hotel),3.33
Oinn Hotel & Hostel,4.0
그랜드 반얀 호텔 (Grand Banyan Hotel),4.0
Provintia Hotel,4.31
창위 호텔 (CHANGYU HOTEL),3.71
오칵 호텔 (Ocak Hotel),4.02
인터콘티넨탈 베를린 (InterContinental Berlin),5.0
더 서커스 호스텔 (The Circus Hostel),4.42
에스트렐 호텔 (Estrel Hotel),3.33
Locke at East Side Gallery,4.6
셀렉트 호텔 베를린 더 월 (Select Hotel Berlin The Wall),4.07
파크 인 바이 래디슨 베를린 알렉산더플라츠 (Park Inn by Radisson Berlin Alexanderplatz),4.21
모비주 호텔 (Monbijou Hotel),4.45
호텔 아마노 그랜드 센트럴 (Hotel AMANO Grand Central),4.31
오칵 아파트먼트 앤 호텔 (Ocak Apartment & Hotel),3.2
호텔 유로파이세르 호프 (Hotel Europäischer Hof),3.58
Bayer 89 Vi Vadi Hotel,4.47
유료 유스 호텔 (Euro Youth Hotel),4.17
호텔 토르브라우 (Hotel Torbraeu),3.67
WunderLocke,3.9
슈어 호텔 바이 베스트웨스턴 뮌헨 하우프트반호프 (Sure Hotel by Best Western München Hauptbahnhof),3.61
"Flightgate Munich Airport Hotel, a member of Radisson Individuals",3.0
부티크 호텔 게르마니아 (Boutique Hotel Germania),3.4
mk 호텔 뮌헨 시티 (mk hotel muenchen city),3.89
플레밍 호텔 뮌헨 슈바빙 (Fleming's Hotel Munich Schwabing),4.0
부티크 053 함부르크 메인 스테이션 (Boutique 053 Hamburg Main Station),3.67
유로패에이스처 호프 (Europaeischer Hof),4.43
NYCE Hotel Hamburg City,5.0
루비 로티 호텔 함부르크 (Ruby Lotti Hotel Hamburg),3.82
prizeotel Hamburg-St Pauli,3.83
제너레이터 함부르크 (Generator Hamburg),3.86
a&o 함부르크 시티 (a&o Hamburg City),3.36
마이닝어 호텔 함부르크 시티 센터 (MEININGER Hotel Hamburg City Center),3.0
a&o 함부르크 하우프트반호프 (a&o Hamburg Hauptbahnhof),2.73
더 베네치안 마카오 (The Venetian Macao),3.76
더 파리지안 마카오 (The Parisian Macao),4.1
더 런더너 호텔 (The Londoner Hotel),4.67
JW 메리어트 호텔 마카오 (JW Marriott Hotel Macau),4.55
Sheraton Grand Macao,3.68
Grand Lisboa Palace Macau,4.07
Belive&More,4.2
스튜디오 시티 호텔 (Studio City Hotel),3.78
호텔 로얄 마카오 (Hotel Royal Macau),3.4
리오 호텔 마카오 (Rio Hotel Macau),3.64
힐튼 가든 인 쿠알라 룸푸르 - 노스 (Hilton Garden Inn Kuala Lumpur - North),4.22
Deface Platinum 2 Kuala Lumpur,3.6
디페이스 플래티넘 쿠알라룸푸르 (DeFace Platinum Kuala Lumpur),3.07
데 루나 호텔 스리 페탈링 (De Luna Hotel Sri Petaling),3.33
홀리데이 인 익스프레스 쿠알라 룸푸르 시티 센터 (Holiday Inn Express Kuala Lumpur City Centre),4.0
산타 그랜드 시그니처 쿠알라룸푸르 (Santa Grand Signature Kuala Lumpur),3.75
Park Inn by Radisson Putrajaya,3.07
힐튼 가든 인 쿠알라 룸푸르 - 사우스 (Hilton Garden Inn Kuala Lumpur - South),4.25
Platinum Suites 2 by DM Kuala Lumpur,4.53
힐튼 코타키나발루 (Hilton Kota Kinabalu),3.27
코타 키나발루 메리어트 호텔 (Kota Kinabalu Marriott Hotel),3.8
호라이즌 호텔 코타키나발루 (Horizon Hotel Kota Kinabalu),3.64
사바 오리엔탈 호텔 (Sabah Oriental Hotel),3.31
더 마젤란 수테라 리조트 (The Magellan Sutera Resort),3.4
하얏트 리젠시 키나발루 (Hyatt Regency Kinabalu),3.87
Signel Poshtel,4.73
머큐어 코타키나발루 시티센터 (Mercure Kota Kinabalu City Centre),3.53
모나코 부티크 호텔 사동 자야 (Monaco Boutique Hotel Sadong Jaya),3.5
Jesselton Quay by Pinstay,3.6
Wings by Croske Resort Langkawi ,5.0
"벨라 비스타 워터프런트 리조트, 랑카위 (Bella Vista Waterfront Resort, Langkawi)",2.13
샌디 비치 리조트 바이 카사 로마 (Sandy Beach Resort by Casa Loma),2.0
베스트 스타 리조트 (Best Star Resort),2.92
칠 스위트 랑카위 (Chill Suites Langkawi),4.64
베이뷰 호텔 랑카위 (Bayview Hotel Langkawi),3.0
The RIYAZ Lavanya,5.0
옴박 빌라 랑카위 (Ombak Villa Langkawi),3.5
선셋 베이 코티지 (Sunset Bay Cottage),4.4
세히자우@체낭 (Collection O 90622 Sehijau @ Cenang),3.75
Attic Home Melaka Imperio Residence & Jonker ,4.13
더블트리 바이 힐튼 호텔 말라카 (DoubleTree by Hilton Hotel Melaka),3.47
임페리오 레지던스 씨프런트 바이 퍼펙트 호스트 (Imperio Residence Seafront by Perfect Host),2.75
에코 트리 호텔 (Eco Tree Hotel),3.55
더 스트레이츠 호텔 앤 스위트츠 (The Straits Hotel and Suites),3.54
Imperio Residence with Private Bathtub by Lets Stay,3.12
Imperio Residence Private Bathtub @ Melaka Town,3.6
리비에라 스위트 멜라카 (Riviera Suites Melaka),1.5
미드시티 호텔 멜라카 (Midcity Hotel Melaka),3.0
갈레리아 플라자 레포르마 (Galeria Plaza Reforma),3.8
쉐라톤 멕시코 시티 마리아 이사벨 호텔 (Sheraton Mexico City Maria Isabel Hotel),3.75
카미노 레알 아에로푸에르토 (Camino Real Aeropuerto),5.0
코트야드 멕시코 시티 에어포트 (Courtyard Mexico City Airport),5.0
NH 콜렉션 멕시코 시티 공항 T2 (NH Collection México City Airport T2),3.33
NH 콜렉션 멕시코 시티 레포르마 (NH Collection Mexico City Reforma),3.67
힐튼 가든 인 멕시코 시티 산타 페 (Hilton Garden Inn Mexico City Santa Fe),4.67
Mondrian Mexico City Condesa,4.0
엠포리오 칸쿤 (Emporio Cancun),3.93
크리스탈 캉쿤 (Krystal Cancun),3.57
알로프트 칸쿤 (Aloft Cancun),2.33
TRS 코럴 호텔 - 성인 전용 - 올 인클루시브 (TRS Coral Hotel - Adults Only - All Inclusive),3.73
"Hyatt Ziva Cancun, an All Inclusive Resort",3.4
시크릿 더 바인 칸쿤 리조트 앤 스파 - 올인클루시브 - 성인 전용 (Secrets The Vine Cancun Resort & Spa - All inclusive - Adults only),4.57
InterContinental President Cancun Resort,4.0
호텔 NYX 칸쿤 (Hotel NYX Cancun),3.67
캐노피 바이 힐튼 칸쿤 라 이슬라 (Canopy by Hilton Cancun La Isla),4.0
Kempinski Hotel Cancun,5.0
Eterna Tulum,4.0
알로프트 툴룸 (Aloft Tulum),3.0
그랜드 팔라디움 칸테나 리조트 앤 스파 (올 인클루시브) (Grand Palladium Kantenah Resort and Spa - All Inclusive),4.0
Unico Hotel Riviera Maya - All Inclusive - Adults Only,4.33
The Waves Tulum,4.0
Kore Tulum Retreat Wellness Resort - Adults Only,3.33
Conrad Tulum,3.5
Mayan Monkey Tulum - Adults Only,3.53
프라야 팜스 비치 호텔 (Playa Palms Beach Hotel),3.93
더 파이브스 다운타운 호텔 앤 레지던스 큐리오 컬렉션 바이 힐튼 (The Fives Downtown Hotel and Residences Curio Collection by Hilton),4.5
라 파시온 호텔 부티크 바이 부니크 (La Pasion Hotel Boutique by Bunik),3.5
그랜드 리비에라 프린세스 - 올 인클루시브 (Grand Riviera Princess - All Inclusive),4.0
세레니티 호텔 부티크 (Serenity Hotel Boutique),3.0
호텔 HM 플라야 델 카르멘 (Hotel HM Playa del Carmen),3.75
"더 리프 28 - 성인 전용, 올 스위트, 미식 옵션 올인클루시브 (The Reef 28, Adults Only, All Suites, Optional Gourmet All Inclusive)",3.73
Aloft Playa del Carmen,4.67
Secrets® Moxché Playa del Carmen - All Inclusive - Adults Only,5.0
더 그랜드 힐 호텔 울란바토르 (The Grand Hill Hotel Ulaanbaatar),4.07
졸로 호텔 (Zolo Hotel),1.73
H9 호텔 나인 울란바토르 (H9 Hotel Nine Ulaanbaatar),3.71
칭기스 칸 호텔 (Chinggis Khaan Hotel),4.07
Ramada by Wyndham Ulaanbaatar Citycenter,4.13
Pod 39,3.7
InterContinental New York Times Square,3.62
포드 타임스 스퀘어 (Pod Times Square),4.08
호스텔링 인터내셔널 뉴 욕 (Hostelling International New York),4.03
Indigo NYC Downtown Wall Street,2.0
CLUB QUARTERS HOTEL TIMES SQUARE - MIDTOWN,4.2
더 맨하탄 호텔 앳 타임스 스퀘어 (The Manhattan Hotel at Times Square),2.86
U 호텔 피프스 애비뉴 (U Hotel Fifth Avenue),3.93
웨스트 사이드 YMCA 호스텔 (West Side YMCA Hostel),2.76
HI San Francisco Downtown Hostel,4.03
킴프턴 알톤 호텔 (Kimpton Alton Hotel),5.0
Samesun San Francisco,4.41
로드웨이 인 앤 스위트 샌프란시스코-그레이트 하이웨이 (Rodeway Inn & Suites San Francisco-Great Highway),2.85
샌프란시스코 메리어트 마르키스 (San Francisco Marriott Marquis),3.8
챈슬러 호텔 온 유니온 스퀘어 (Chancellor Hotel on Union Square),4.43
액시엄 호텔 샌프란시스코 (Axiom Hotel San Francisco),4.0
베이 랜딩 호텔 (Bay Landing Hotel),4.05
파크 55 샌프란시스코-힐튼 호텔 (Parc 55 San Francisco-A Hilton Hotel),3.71
킹 조지 호텔 (King George Hotel),3.69
프리핸드 로스앤젤레스 (Freehand Los Angeles),3.43
Moxy Downtown Los Angeles,2.0
Stuart Hotel - Adults Only,1.5
Conrad Los Angeles,5.0
The Biltmore Los Angeles,3.74
The Delphi,2.67
E 센트럴 호텔 다운타운 로스앤젤레스 (E Central Hotel Downtown Los Angeles),3.29
InterContinental - Los Angeles Downtown,4.05
USC 호텔 (USC Hotel),3.67
"Treasure Island Las Vegas - TI Hotel & Casino, a Radisson Hotel",3.82
코트야드 라스베이거스 컨벤션 센터 (Courtyard Las Vegas Convention Center),3.0
플라밍고 라스베이거스 (Flamingo Las Vegas),3.38
골든 게이트 호텔 앤 카지노 (Golden Gate Hotel and Casino),3.33
호스슈 라스베이거스 - 구. 발리스 (Horseshoe Las Vegas “Formerly Bally’s”),3.67
The Cosmopolitan of Las Vegas,4.19
엑스칼리버 호텔 (Excalibur Hotel),3.4
Bellagio Hotel,4.13
플래닛 할리우드 리조트 앤 카지노 (Planet Hollywood Resort & Casino),3.38
Trump International Hotel Las Vegas,4.02
호텔 발미 (Hotel Balmi),3.75
체리 힐스 호텔 (Cherry Hills Hotel),4.0
제말락스 호텔 앤 레지던스 (Zealax Hotel & Residence),3.5
아웨이 메타 양곤 (Awei Metta Yangon),3.0
K.C 레지던스 (K.C Residence),4.33
후드 호스텔 (HOOD Hostel),4.57
에스페라도 레이크뷰 호텔 (Esperado Lake View Hotel),2.75
호텔 프라임 (Hotel Prime),3.57
121 호텔 (121 Hotel),4.5
자스민 팰리스 호텔 (Jasmine Palace Hotel),4.07
오스텔로 벨로 만달레이 (Ostello Bello Mandalay),4.21
E-아웃피팅 골든 컨트리 호텔 (E-outfitting Golden Country Hotel),3.5
로얄 펄 호텔 (Royal Pearl Hotel),4.21
더 홈 호텔 (The Home Hotel),3.8
더 링크 78 만달레이 부티크 호텔 (The Link 78 Mandalay Boutique Hotel),3.5
카웅 민트 호텔 (Kaung Myint Hotel),2.86
호텔 호미 만달레이 (Hotel Homey Mandalay),4.67
79 리빙 호텔 (79 Living Hotel),3.69
드래곤 피닉스 호텔 (Dragon Phoenix Hotel),3.5
호텔 뉴 웨이브 (Hotel New Wave),2.8
로얄 바간 호텔 (Royal Bagan Hotel),3.5
"바간 탄데 호텔, 올드 바간 (Bagan Thande Hotel, Old Bagan)",2.71
오스텔로 벨로 바간 풀 (Ostello Bello Bagan Pool),3.5
마이 바간 레지던스 바이 아마타 (아마타 부티크 하우스) (My Bagan Residence by Amata (Amata Boutique House)),4.0
스카이 뷰 호텔 (Sky View Hotel),3.82
골든 미얀마 게스트하우스 (Golden Myanmar Guest House),4.5
더 호텔 @ 타라바 게이트 (The Hotel @ Tharabar Gate),4.64
시위 나 디 게스트하우스 (Shwe Na Di Guest House ),3.47
서머셋 호치민시티 서비스 레지던스 (Somerset Ho Chi Minh City Serviced Residence),3.95
서머셋 챈슬러 코트 서비스 레지던스 (Somerset Chancellor Court Serviced Residence),4.02
낫 하 로페라 호텔 (Nhat Ha L'Opera Hotel),4.05
Sherwood Residence,4.22
센트럴 팰리스 호텔 (Central Palace Hotel),3.67
LA VELA SAIGON HOTEL,3.75
롯데 호텔 사이공 (Lotte Hotel Saigon),4.03
셔우드 스위트 (Sherwood Suites ),4.28
랭커스터 사이공 서비스 아파트먼트 르 탄 톤 (Lancaster Saigon Serviced Apartments Le Thanh Ton),3.74
Sens House Saigon - Vinhomes Central Park,2.0
그랜드 플라자 하노이 호텔 (Grand Plaza Hanoi Hotel),3.59
포츄나 호텔 하노이 (Fortuna Hotel Hanoi),3.73
하노이 대우 호텔 (Hanoi Daewoo Hotel),3.62
리틀 참 하노이 호스텔 (Little Charm Hanoi Hostel),4.36
파라곤 노이 바이 호텔 앤 풀 (Paragon Noi Bai Hotel and Pool),3.9
Madelise Palace Hotel & Spa,4.67
하노이 대하 서비스 아파트먼트 (Hanoi Daeha Serviced Apartment),3.98
서머셋 그랜드 하노이 서비스 레지던스 (Somerset Grand Hanoi Serviced Residences),4.12
La Siesta Classic Hang Thung,4.85
그랜드 비스타 하노이 (Grand Vista Hanoi),4.3
G8 Luxury Hotel and Spa Da Nang,4.03
Cicilia Hotels & Spa Danang Powered by ASTON,4.15
뉴 오리엔트 호텔 다낭 (New Orient Hotel Da Nang),4.27
오션 빌라 다낭 (Ocean Villas Da Nang),4.31
살라 다낭 비치 호텔 (SALA DANANG BEACH HOTEL),4.08
하이안 비치 호텔 앤 스파 (HAIAN Beach Hotel & Spa),3.77
힐튼 다낭 (Hilton Da Nang),4.22
래디슨 호텔 다낭 (Radisson Hotel Danang),4.5
울랄라니 리조트 앤 콘도텔 (Olalani Resort and Condotel),3.6
스텔라 마리스 비치 다낭 (Stella Maris Beach Danang),4.17
TOC 호스텔 바르셀로나 (TOC Hostel Barcelona),4.05
호텔 바르셀로나 아에로푸에르토 바이 멜리아 (Hotel Barcelona Aeropuerto By Melia),3.67
호스텔 세인트 크리스토퍼스 바르셀로나 (Hostel St Christophers Barcelona),3.64
엑스포 바르셀로나 호텔 (Expo Barcelona Hotel),3.7
InterContinental Barcelona,4.8
호텔 암빗 바르셀로나 (Hotel Ambit Barcelona),4.03
"Radisson Blu 1882 Hotel, Barcelona Sagrada Familia",4.56
The Central House Barcelona Gracia,4.34
호텔 바르셀로나 하우스 (Hotel Barcelona House),3.0
카사 캄페르 바르셀로나 (Casa Camper Barcelona),4.89
톡 호스텔 마드리드 (TOC Hostel Madrid),4.17
The Madrid Edition,5.0
파 홈 아토차 (Far Home Atocha),4.0
더 햇 호스텔 마드리드 (The Hat Hostel Madrid),4.43
멜리아 마드리드 세라노 (Melia Madrid Serrano),4.03
호텔 콰트로 푸에르타 델 솔 (Hotel Quatro Puerta del Sol),3.73
Radisson RED Madrid,3.92
B&B 호텔 마드리드 센트로 푸에르타 델 솔 (B&B Hotel Madrid Centro Puerta del Sol),4.27
호텔 리아베니 (Hotel Liabeny),3.75
easyHotel Madrid Centro Atocha,4.17
톡 호스텔 세비야 (Toc Hostel Sevilla),4.4
Ibis Styles Sevilla Santa Justa,4.38
블랙 스완 호스텔 세비야 (Black Swan Hostel Sevilla),4.25
"Radisson Collection Hotel, Magdalena Plaza Sevilla",3.75
Petit Palace Vargas,4.0
호텔 레이 알폰소 엑스 (Hotel Rey Alfonso X),4.47
포 유 호스텔 세비야 (For You Hostel Sevilla),3.98
세나토르 파르케 센트럴 호텔 (Senator Parque Central Hotel),4.5
호텔 유로스타 레이 돈 하이메 (Hotel Eurostars Rey Don Jaime),4.0
더 리버 호스텔 (The River Hostel),3.5
캐주얼 발렌시아 데 라스 아르테스 (Casual Valencia De Las Artes),1.0
Casual Vintage Valencia,3.53
몬 스위트 카테드랄 (Mon Suites Catedral),4.2
유로스타 악테온 (Eurostars Acteon),4.0
AC 호텔 발렌시아 (AC Hotel Valencia),4.5
호텔 로벡 (Hotel Lovec),3.0
호텔 파크 - 사바 호텔 앤 리조트 (Hotel Park - Sava Hotels & Resorts),4.0
블레드 로즈 호텔 (Bled Rose hotel),4.0
올드 패리시 하우스 (Old Parish House),5.0
비앤비 호텔 류블랴나 파크 (B&B Hotel Ljubljana Park),4.0
시티 호텔 리주발자나 (City Hotel Ljubljana),3.8
Sax Pub Hostel,3.6
"래디슨 블루 플라자 호텔 류블랴나 (Radisson Blu Plaza Hotel, Ljubljana)",3.9
오스트리아 트랜드 호텔 루블랴나 (Austria Trend Hotel Ljubljana),4.0
Intercontinental Ljubljana,4.14
홀리데이 인 익스프레스 류블랴나 (Holiday Inn Express Ljubljana),2.0
ibis Styles Ljubljana The Fuzzy Log,4.5
ibis Styles Ljubljana Centre,4.33
호텔 켐핀스키 팰리스 포르토로즈 (Hotel Kempinski Palace Portoroz),3.82
Hotel Neptun - LifeClass Hotels & Spa,3.95
호텔 피란 (Hotel Piran),4.75
M 호텔 싱가포르 (M Hotel Singapore),3.84
두짓 타니 라구나 싱가포르 (Dusit Thani Laguna Singapore),3.91
콥튼 킹 호텔 싱가포르 온 해블록 (Copthorne King's Hotel Singapore on Havelock),3.29
빌리지 호텔 알버트 코트 바이 파 이스트 호스피탈리티 (Village Hotel Albert Court by Far East Hospitality),3.61
Hotel Boss,3.19
Hotel Bencoolen @ Hong Kong Street,3.82
V Hotel Lavender,3.22
푸라마 리버프런트 (Furama RiverFront),3.31
모우브레이 코트 호텔 (Mowbray Court Hotel),3.61
St. Pancras Renaissance Hotel London,4.0
메리트 켄싱턴 호텔 (Merit Kensington Hotel),3.98
유스턴 스퀘어 호텔 런던 (Euston Square Hotel),4.0
Delta Hotels Heathrow Windsor,3.76
Kabannas London St Pancras,4.15
파크 플라자 런던 파크 로얄 (Park Plaza London Park Royal),5.0
아치 호텔 (Arch Hotel),3.43
나일랜드 호텔 (Nayland Hotel),3.65
프레데릭 하우스 호텔 (Frederick House Hotel),4.12
힐튼 에든버러 칼튼 (Hilton Edinburgh Carlton),3.71
스테이 센트럴 호텔 (Stay Central Hotel),4.2
데스티니 스튜던트 - 무라노 (Destiny Student- Murano),2.5
Edinburgh Holyrood Hotel,1.0
래디슨 블루 호텔 에든버러 시티 센터 (Radisson Blu Hotel Edinburgh City Centre),4.0
Leonardo Royal Hotel Edinburgh,3.92
브리타니아 호텔 에든버러 (Britannia Hotel Edinburgh),3.0
Ten Hill Place,4.38
A&O 에든버러 시티 (A&O Edinburgh City),3.72
더 미트르 호텔 (The Mitre Hotel),5.0
Manchester Piccadilly Hotel,4.0
이비스 스타일 맨체스터 포트랜드 (ibis Styles Manchester Portland),3.67
홀리데이 인 익스프레스 맨체스터 시티 센터 아레나 (Holiday Inn Express Manchester City Centre Arena),3.79
하얏트 하우스 맨체스터 (Hyatt Regency Manchester),5.0
네이티브 맨체스터 (Native Manchester),4.5
래디슨 블루 맨체스터 에어포트 (Radisson Blu Manchester Airport),4.5
브리타니아 맨체스터 호텔 (Britannia Manchester Hotel),3.12
더 타운하우스 맨체스터 (The Townhouse Manchester),4.0
Ibis Budget Manchester Airport,4.0
이비스 캠브리지 호텔 (Ibis Cambridge Hotel),4.2
Hilton Cambridge City Centre,4.0
아룬델 게스트하우스 (Arundel House Hotel),2.4
웨스트 코트 - 지저스 컬리지 (West Court- Jesus College),5.0
Hyatt Centric Cambridge,4.5
Turing Locke,4.25
Graduate Cambridge Hotel,3.67
홀리데이 인 익스프레스 캠브리지 (Holiday Inn Express Cambridge),3.32
트래블로지 캠브리지 뉴마켓 로드 (Travelodge Cambridge Newmarket Road),4.0
Novotel Cambridge North,3.95
뷰 시드니 (View Sydney),3.87
"포 포인츠 바이 쉐라톤 시드니, 센트럴 파크 (Four Points by Sheraton Sydney, Central Park)",4.23
리틀 내셔널 호텔 시드니 (Little National Hotel Sydney),4.71
Kith Hotel Darling Harbour,4.15
Ace Hotel Sydney,5.0
YHA Sydney Harbour,3.93
Radisson Blu Plaza Hotel Sydney,4.17
더 시드니 블러바드 호텔 (The Sydney Boulevard Hotel),3.5
아모라 제이미슨 호텔  (Amora Jamison Hotel),4.07
YEHS 호텔 시드니 QVB (YEHS Hotel Sydney QVB),3.87
Dorsett Melbourne,4.93
Voco Melbourne Central,5.0
브래디 호텔 존스 레인 (Brady Hotels Jones Lane),4.0
랑데부 호텔 멜번 (Rendezvous Hotel Melbourne),4.15
인터컨티넨탈 멜버른 더 리알토 (InterContinental Melbourne The Rialto),3.0
브래디 호텔 센트럴 멜번 (Brady Hotels Central Melbourne),4.27
Radisson On Flagstaff Gardens,3.89
이비스 멜버른 센트럴 (ibis Melbourne Central),4.14
시티 엣지 온 엘리자베스 아파트먼트 호텔 (City Edge on Elizabeth Apartment Hotel),2.93
Sakura Serviced Apartment,1.0
하얏트 리젠시 브리즈번 (Hyatt Regency Brisbane),4.2
Indigo Brisbane City Centre,3.47
오크스 브리즈번 온 샬럿 스위트 (Oaks Brisbane on Charlotte Suites),4.27
소호 브리즈번 호텔 (Soho Brisbane Hotel),3.45
힐튼 브리즈번 (Hilton Brisbane),4.2
메리톤 스위트 허쉘 스트리트 (Meriton Suites Herschel Street),4.67
홀리데이 인 익스프레스 브리즈번 센트럴 (Holiday Inn Express Brisbane Central),3.85
이비스 스타일 브리즈번 엘리자베스 스트리트 (Ibis Styles Brisbane Elizabeth Street),4.13
Selina Brisbane,4.21
Voco Brisbane City Centre,3.8
크리스탈브룩 라일리 (Crystalbrook Riley),4.64
오크스 케언즈 호텔 (Oaks Cairns Hotel),4.0
플린 어 크리스탈브룩 컬렉션 호텔 (Crystalbrook Flynn),4.8
레이크 센트럴 케언즈 (Lake Central Cairns),5.0
더블트리 바이 힐튼 케언즈 (DoubleTree by Hilton Cairns),3.5
힐튼 케언즈 (Hilton Cairns),4.27
선샤인 타워 호텔 (Sunshine Tower Hotel),2.67
베일리 어 크리스탈브룩 컬렉션 호텔 앤 레지던스 (Crystalbrook Bailey),4.5
코럴 트리 인 호텔 (Coral Tree Inn Hotel),3.92
The Abbott - Boutique Hotel,4.4
조스텔 뭄바이 (Zostel Mumbai),4.0
레시던시 호텔 (Residency Hotel Fort),3.67
Country Inn & Suites by Turtle ,5.0
씨 프린세스 호텔 (Sea Princess Hotel),3.4
백패커 판다 콜라바 (Backpacker Panda Colaba),3.0
래디슨 블루 뭄바이 인터내셔널 에어포트 (Radisson Blu Mumbai International Airport),4.5
호텔 공항 국제 (Hotel Airport International),2.33
시티 호텔 (City Hotel),3.0
패브호텔 아모르 안데리 이스트 (FabHotel Amour Andheri East),3.0
Hotel Apex International - Near Mumbai Airport,2.67
블룸룸 @ 뉴 델리 레일웨이 스테이션 (bloomrooms @ New Delhi Railway Station),4.07
더 프라임 발라지 디럭스 @ 뉴델리역 호텔 (The Prime Balaji Deluxe @ New Delhi Railway Station Hotel),3.67
호텔 디캐피톨 - 델리 에어포트 (HOTEL D'CAPITOL - DELHI AIRPORT),2.0
래디슨 블루 타워스 카우샴비 델리 NCR (Radisson Blu Towers Kaushambi Delhi NCR),4.0
래디슨 블루 플라자 델리 에어포트 (Radisson Blu Plaza Delhi Airport),3.83
Hari Piorko Grand,2.8
Zostel Delhi,3.47
예스 보스 바이 백패커스 헤븐 (Yes Boss By Backpackers Heaven),3.67
파크 호텔 (The Park New Delhi Hotel),2.71
Jyoti Mahal A Royal Heritage Hotel,2.87
조이스 호스텔 (joey's Hostel),4.6
Sunrise Homestay,4.8
호텔 사니야 팰리스 (Hotel Saniya Palace),3.5
수라세나 레갈비스타 (SURASENA REGALVISTA),3.33
Radisson Hotel Agra,3.33
호텔 싯다르타 (600 미터 프롬 타지마할) (HOTEL SIDHARTHA (600 meters from Taj Mahal)),3.87
호텔 타지 리조트스 (Hotel Taj Resorts),3.23
DoubleTree by Hilton Hotel Agra,3.3
"타즈간즈의 빌라 (144m², 침실 5개, 프라이빗 욕실 5개) (The Orchid Villa)",4.17
FabHotel Bhawana,1.0
Horn Ok Please Hostel Jaipur,4.67
자이푸르 하벨리 (Jaipur Haveli),4.47
호텔 간다르바 - 어 그린 호텔 (Hotel Gandharva - A Green Hotel),4.0
레져 인 그랜드 차나키아 (Leisure Inn Grand Chanakya),5.0
래디슨 자이푸르 시티 센터 (Radisson Jaipur City Center),3.33
머스타시 호스텔 자이푸르 (Moustache Hostel Jaipur),3.67
호텔 아르야 니와스 (Hotel Arya Niwas),3.91
락스미 팰리스 헤리티지 부티크 호텔 (Laxmi Palace Heritage Boutique Hotel),4.58
"Hotel Jaipur Central, Jaipur",3.27
팬드야 니와스 (Pandya Niwas),2.33
힐튼 가든 인 발리 응우라 라이 공항 (Hilton Garden Inn Bali Ngurah Rai Airport),3.47
호텔 테라스 앳 쿠타 (Hotel Terrace at Kuta),3.73
쿠타 파라디소 호텔 (Kuta Paradiso Hotel),3.67
노보텔 발리 응우라 라이 공항 (Novotel Bali Ngurah Rai Airport),3.6
래디슨 블루 발리 울루와투 (Radisson Blu Bali Uluwatu),4.33
아디 다르마 호텔 쿠타 (Adi Dharma Hotel Kuta),3.93
레기안 파라디소 호텔 (Legian Paradiso Hotel),3.77
오하나 호텔 쿠타 (Ohana Hotel Kuta),2.73
아비안 하모니 리조트 호텔 앤 스파 (Abian Harmony Resort Hotel and Spa),3.36
해리스 호텔 앤 컨벤션 치움불레우이트 반둥 (HARRIS Hotel & Conventions Ciumbuleuit Bandung),4.0
그랜드 호텔 프레안게르 (Grand Hotel Preanger),4.0
키마야 브라가 반둥 바이 해리스 (Kimaya Braga Bandung by Harris),2.33
스위스-벨리조트 다고 헤리티지 (Swiss-Belresort Dago Heritage),3.83
Pasar Baru Square Hotel Bandung Powered by Archipelago,3.91
아리온 스위트 호텔 반둥 (Arion Suites Hotel Bandung),5.0
사보이 호만 (Savoy Homann),4.55
Collection O 22 Hotel Pasar Baru Heritage,2.5
디저니 호텔 (D'Journey Hotel),3.6
드프리마호텔 에어포트 자카르타 터미널 1A (d'primahotel Airport Jakarta Terminal 1A),2.67
인터컨티넨탈 자카르타 폰독 인다 (InterContinental Jakarta Pondok Indah),4.27
CONJIOO HOTEL at JAKARTA AIRPORT,4.44
1O1 URBAN Jakarta Pemuda,3.93
더 자야카르타 SP 자카르타 호텔 앤 스파 (The Jayakarta SP Jakarta Hotel & Spa),2.82
FM7 리조트 호텔 반다라 자카르타 에어포트 (FM7 Resort Hotel Bandara Jakarta Airport),3.47
아샤나 케마요란 자카르타 (Asyana Kemayoran Jakarta),3.5
클래식 호텔 (Classic Hotel),3.58
CHOSKA RESIDENCE,4.33
APA 호텔 롯폰기 식스 (APA Hotel Roppongi SIX),3.73
AC Hotel Tokyo Ginza,4.5
신주쿠 워싱턴 호텔 - 본관 (Shinjuku Washington Hotel - Main Building),3.47
랜드어바웃 도쿄 (LANDABOUT TOKYO),3.93
"더 도쿄 에디션, 도라노몬 (The Tokyo EDITION, Toranomon)",3.8
APA 호텔 신주쿠-가부키초 타워 (APA Hotel Shinjuku-Kabukicho Tower),3.33
APA Hotel & Resort Roppongi Ekihigashi,4.13
APA 호텔 앤 리조트 니시신주쿠-고초메-에키 타워 (APA Hotel & Resort Nishishinjuku-Gochome-Eki Tower),3.67
도쿄 프린스 호텔 (Tokyo Prince Hotel),3.67
APA 호텔 야마노테 오츠가에키 타워 (APA Hotel Yamanote Otsukaeki Tower),4.33
칸데오 호텔 오사카 난바 (Candeo Hotels Osaka Namba),3.53
호텔 포르자 오사카 난바 도톤보리 (Hotel Forza Osaka Namba Dotonbori),3.87
Hotel Forza Osaka Kitahama,4.07
오사카 테이코쿠 호텔 (Osaka Teikoku Hotel),3.53
W 오사카 (W Osaka),3.33
APA Hotel and Resort Midosuji Hommachi Eki Tower,3.87
APA Hotel & Resort Osaka Umeda Eki Tower,4.0
소테츠 그랜드 프레사 오사카 난바 (Sotetsu Grand Fresa Osaka Namba),3.53
APA 호텔 신-오사카 에키마에 (APA Hotel Shin-Osaka ekimae),4.0
"HOTEL THE MITSUI KYOTO, a Luxury Collection Hotel & Spa",4.33
시즈테츠 호텔 프레지오 교토 가라스마오이케 (Shizutetsu Hotel Prezio Kyoto Karasumaoike),4.6
사쿠라 테라스 더 아틀리에 - 성인 전용 (Sakura Terrace The Atelier -Adult Only),4.27
Hyatt Regency Kyoto,3.67
APA 호텔 교토 에키히가시 (APA Hotel Kyoto Ekihigashi),4.53
호텔 더 엠스 교토 (Hotel The M's Kyoto),4.07
솔라리아 니시테츠 호텔 교토 프리미어 (Solaria Nishitetsu Hotel Kyoto Premier),4.0
소테츠 프레사 인 교토-기요미즈 고조 (Sotetsu Fresa Inn Kyoto-Kiyomizu Gojo),4.13
리치몬드 호텔 프리미어 교토 에키마에 (Richmond Hotel Premier Kyoto Ekimae),4.07
그랑벨 호텔 스스키노 (GRANBELL HOTEL SUSUKINO),3.87
호텔 몬토레 에델호프 삿포로 (Hotel Monterey Edelhof Sapporo),3.47
베셀 호텔 캄파나 스스키노 (Vessel Hotel Campana Susukino),4.07
게이큐 엑스 호텔 삿포로 (KEIKYU EX HOTEL Sapporo),4.33
Fairfield by Marriott Hokkaido Eniwa,4.17
라젠트 스테이 삿포로 오도리 홋카이도 (La'Gent Stay Sapporo Odori Hokkaido),3.6
JR-이스트 호텔 메츠 삿포로 (JR-EAST HOTEL METS SAPPORO),4.33
그랑벨 호텔 삿포로 (GRANBELL HOTEL SAPPORO),4.27
프리미어 호텔 나카지마 파크 삿포로 (Premier Hotel Nakajima Park Sapporo),3.8
그랜드 센트럴 호텔 상하이 (Grand Central Hotel Shanghai),4.05
센트럴 호텔 (Central Hotel),4.08
Hi Inn Shanghai Xujiahui,3.0
야티 바이 아티젠 홍차오 상하이 (YaTi by Artyzen Hongqiao Shanghai),4.04
Radisson Collection Hyland Shanghai,4.0
시티 호텔 (City Hotel),3.76
상하이 데코 호텔 푸동 (Shanghai Deco Hotel Pudong),4.04
진장 메트로폴로 상하이 신톈디 호텔 (Jinjiang Metropolo Shanghai Xintiandi Hotel),3.89
샹하이 피쉬 인 번드 (Shanghai Fish Inn Bund),3.85
베이징 신차오 호텔 (Beijing XinQiao Hotel),3.55
선월드 호텔 왕푸징 (Sunworld Hotel Wangfujing),3.82
홀리데이 인 익스프레스 베이징 후아카이 (Holiday Inn Express Beijing Huacai),3.72
더 그레이트 월 호텔 베이징 (The Great Wall Hotel Beijing),3.44
파크 플라자 베이징 왕푸징 (Park Plaza Beijing Wangfujing),4.0
구오 지 이 위안 호텔 (GUO JI YI YUAN HOTEL),2.82
노보텔 피스 베이징 호텔 (Novotel Peace Beijing Hotel),3.68
베이징 푸디 호텔 (Beijing Pudi Hotel),3.62
시틱 호텔 베이징 공항 (CITIC Hotel Beijing Airport),2.8
라데가스트 호텔 CBD (Radegast Hotel CBD),3.5
젠궈 호텔 광저우 (Jianguo Hotel Guangzhou),4.08
노모 베이징 로드 어-지덩 믹스 인터내셔널 아파트먼트 (Nomo Beijing Road A-Jiedeng MIX International Apartment),4.0
Country Inn & Suites by Radisson Guangzhou Yonghe,2.0
하이 인 리앙핀 광저우 샤허딩 메트로 스테이션 (Hi Inn Liangpin Guangzhou Shaheding Metro Station),5.0
오소토 레크리에이션 호텔 바이윈 (Osotto Recreation Hotel Baiyun),3.98
차이나 호텔 (China Hotel),4.33
호텔 랜드마크 캔톤 (Hotel Landmark Canton),3.4
Guangzhou Carat Hotel,3.69
라 펄 인터내셔널 호텔 (La Perle International Hotel),3.55
광저우 로열 리버 와이피던 아파트먼트  (Guangzhou Royal River Waifiden Apartment),3.28
진장 메트로폴로 호텔 - 항저우 트레인 이스트 스테이션 (Jinjiang Metropolo Hotel - Hangzhou Train East Station),3.5
씨티고 호텔 항저우 시 후 후빈 인타이 (CitiGO Hotel Hangzhou Xi Hu Hubin Yintai),4.0
Ji Hotel Hangzhou West Lake Hubin Erqing Building,4.0
래디슨 블루 항저우 신톈디 (Radisson Blu Hangzhou Xintiandi),2.33
UrCove by HYATT Hangzhou Westlake,5.0
그랜드 페트로파크 호텔 항주 (Grand Metropark Hotel Hangzhou),3.43
홀리데이 인 익스프레스 항저우 이스트 스테이션 (Holiday Inn Express Hangzhou East Station),4.08
Shama Serviced Apartments Zijingang Hangzhou,4.42
로얄 크라운 호텔 앤 스파 (Royal Crown Hotel & Spa),3.62
골든 템플 레지던스 (Golden Temple Residence),4.43
쿨렌 호텔 (Koulen Hotel),4.46
The Flex Hostel,2.0
ANGKOR LAND URBAN BOUTIQUE,4.0
호텔 소마데비 앙코르 리조트 앤 스파 (Hotel Somadevi Angkor Resort & Spa),3.29
앙코르 홀리데이 호텔 (Angkor Holiday Hotel),3.09
치타타 CTS 호텔 씨엠림 (Cheathata CTS Hotel Siem Reap),3.92
쉐도우 앙코르 레지던스 (Shadow Angkor Residence),3.54
메타바리 호텔 (Mettavary Hotel ),4.31
센서리 파크 어반 호텔 (Sensory Park Urban Hotel),4.09
맨션 51 호텔 앤 아파트먼트 (Mansion 51 Hotel & Apartment),4.29
풀사이드 빌라 (Poolside Villa),2.33
라플레 호텔 르 로얄 (Raffles Hotel Le Royal),4.07
오케이 부티크 호텔 (Okay Boutique Hotel),3.36
오하나 프놈펜 팰리스 호텔 (Ohana Phnom Penh Palace Hotel),3.77
HM 그랜드 센트럴 호텔 (HM Grand Central Hotel),3.57
사라보안 로얄 팰리스 (Saravoan Royal Palace),3.86
두옹 찬 호텔 (Duong Chan Hotel),4.07
원더즈 시하누크빌 (Onederz Sihanoukville),4.38
인비토 게스트하우스 (Invito Guesthouse),4.0
RIVA Hotel SHV,4.33
아리스토크랫 레지던스 앤 호텔 (Aristocrat Residence & Hotel),3.33
Ocean Delight Boutique Hotel,1.0
Legend Hotel and Resort,4.6
인디펜던스 호텔 리조트 앤 스파 (Independence Hotel Resort & Spa),3.33
Naiya Sea Resort,3.0
미탈리 호텔 (Mittali Hotel),3.0
더 B 리조트 (The B Resort),3.5
RiverTree Villa & Resort,3.0
핌 시나 리조트 (Peam Snea Resort),5.0
캄폿 스위트 부티크 (Kampot Sweet Boutique),4.0
비볼라 게스트하우스 (VIBOLA Guesthouse),3.0
호텔 파이브.S (Hotel Five.S),3.36
몽키 리퍼블릭 캄폿 (Monkey Republic Kampot),3.5
굿모닝 캄폿 게스트하우스 (Good Morning Kampot Guesthouse),3.2
원더즈 캄폿 (Onederz Kampot),2.5
원 킹 웨스트 호텔 앤 레지던스 (One King West Hotel and Residence),4.33
팬티지스 호텔 토론토 센터 (Pantages Hotel Toronto Centre),3.67
홀리데이 인 토론토 다운타운 센터 (Holiday Inn Toronto Downtown Centre),3.64
Samesun Toronto,4.2
호텔 빅토리아 (Hotel Victoria),3.75
Hilton Toronto,3.67
DoubleTree by Hilton Toronto Downtown,2.75
더 노보텔 토론토 센터 호텔 (The Novotel Toronto Center Hotel),4.6
센추리 플라자 호텔 (Century Plaza Hotel),3.96
하얏트 리젠시 밴쿠버 (Hyatt Regency Vancouver),4.37
킹스턴 호텔 (Kingston Hotel),3.11
쉐라톤 밴쿠버 월 센터 (Sheraton Vancouver Wall Centre),3.8
베스트웨스턴 플러스 샤토 그랑빌 호텔 앤 스위트 앤 컨퍼런스 센터 (Best Western Premier Chateau Granville Hotel & Suites & Conference Centre),4.0
YWCA 호텔 밴쿠버 (YWCA Hotel Vancouver),4.0
블루 호라이즌 호텔 (Blue Horizon Hotel),4.18
Best Western Plus Vancouver Airport Hotel,2.75
프리미에르 클라스 카르카손느 (Premiere Classe Carcassonne),2.95
Kyriad Carcassonne - Aeroport,4.19
르 릴레 드 라 메종 바쿠 (Le Relais de la Maison Bacou),3.0
차트리움 호텔 리버사이드 방콕 (SHA Extra Plus) (Chatrium Hotel Riverside Bangkok (SHA Extra Plus)),3.73
차트리움 레지던스 사톤 방콕 (SHA Plus+) (Chatrium Residence Sathon Bangkok (SHA Plus+)),3.68
마이트리아 호텔 라마 9 방콕 - 어 차트리움 컬렉션 (SHA Extra Plus) (Maitria Hotel Rama 9 Bangkok - A Chatrium Collection (SHA Extra Plus)),3.71
나라 호텔 (Narra hotel),4.23
Radisson Blu Plaza Bangkok (SHA Plus+),4.18
그랜드 BS 에어포트 호텔 수완나품 (Grand BS Airport Hotel Suvarnabhumi),3.51
마이트리아 호텔 수쿰빗 18 방콕 - 어 차트리움 컬렉션 (Maitria Hotel Sukhumvit 18 Bangkok – A Chatrium Collection),3.92
"The Standard, Bangkok Mahanakhon",4.53
더 블레스 호텔 앤 레지던스 (The Bless Hotel & Residence),4.02
Galleria 12 Sukhumvit Bangkok by Compass Hospitality,3.5
더 식스틴스 나이양 비치 호텔 (SHA Extra Plus) (The Sixteenth Naiyang Beach Hotel (SHA Extra Plus)),4.07
Anantara Koh Yao Yai Resort & Villas,3.8
Woovo Phuket Patong,4.0
빌라 알라나 푸켓 (Villa Alanna Phuket),4.57
로얄 푸켓 시티 호텔 (SHA Extra Plus) (Royal Phuket City Hotel (SHA Extra Plus)),4.33
판푸리 레지던스 (SHA Extra Plus) (Panphuree Residence (SHA Extra Plus)),4.42
카말라 푸켓 스위트 앤 리조트 (SHA Extra Plus) (Radisson Resort & Suites Phuket),3.19
"스플래쉬 비치 리조트, 마이 카오 푸켓 (SHA Plus+) (Splash Beach Resort, Mai Khao Phuket (SHA Plus+))",3.96
코코텔 푸켓 나이양 비치 (SHA Extra Plus) (Kokotel Phuket Nai Yang Beach (SHA Extra Plus)),3.82
안다만트라 리조트 앤 빌라 푸켓 (SHA Extra Plus) (Andamantra Resort and Villa Phuket (SHA Extra plus)),2.58
SYN 부티크 호텔 (SHA Extra Plus) (SYN Boutique Hotel (SHA Extra Plus)),4.09
하이 치앙마이 호텔 (Hi Chiangmai Hotel),3.98
Travelodge Nimman,4.22
프라 싱 빌리지 (SHA Extra Plus) (Phra Singh Village (SHA Extra Plus)),4.39
Hotel MAYU Chiang Mai,4.17
핑비만 호텔 (SHA Extra Plus) (Pingviman Hotel (SHA Extra Plus)),4.09
찰라 넘버 6 (SHA Extra Plus) (Chala Number 6 (SHA Extra Plus)),4.52
U Nimman Chiang Mai,4.07
컨텐트 빌라 치앙마이 (Content Villa Chiang Mai),3.56
치앙마이 오키드 호텔 (SHA Extra Plus) (Chiang Mai Orchid Hotel (SHA Extra Plus)),3.07
Grande Centre Point Pattaya,4.25
파야 호텔 (Payaa Hotel),4.33
Siam @ Siam Design Hotel Pattaya,3.77
테반 좀 티엔 호텔 파타야 (Tevan Jomtien Hotel Pattaya),2.67
"Lewit Hotel Pattaya, a member of Radisson Individuals",4.5
아버 호텔 앤 레지던스 파타야 (SHA Plus+) (Arbour Hotel and Residence Pattaya (SHA Plus+)),4.03
호텔 비스타 (Hotel Vista),3.71
LK 에메랄드 비치 (SHA Extra Plus) (LK Emerald Beach (SHA Extra Plus)),4.02
나바나 네이처 이스케이프 (SHA Plus+) (Navana Nature Escape (SHA Plus+)),4.1
아나 아난 리조트 앤 빌라 파타야 (SHA Extra Plus) (Ana Anan Resort & Villas Pattaya (SHA Extra Plus)),4.19
한치 (HANCHI),3.4
인터컨티넨탈 이스탄불 (InterContinental Istanbul),4.33
Zeyn Otel Istanbul,4.6
모다 드레이 - 컨셉 호스텔 (Moda Drei - Concept Hostel),4.67
콘래드 이스탄불 보스포러스 (Conrad Istanbul Bosphorus),4.0
Shining Star Hotel,4.4
래디슨 블루 호텔 이스탄불 오토마레 (Radisson Blu Hotel Istanbul Ottomare),3.53
VPLUS HOTEL,3.87
랄라한 호텔 (Lalahan Hotel),4.36
Manu Startup House,4.5
카멜리야 케이브 호스텔 (Kamelya Cave Hostel),3.93
사파이어 스톤 호텔 (Sapphire Stone Hotel),4.33
로얄 스톤 하우스 - 괴레메 (Royal Stone Houses - Goreme),4.53
히스토리컬 괴레메 하우스  (Historical Goreme House),4.13
Serene Premium Stone House,4.46
올드 타운 스톤 하우스 (Old Town Stone House),4.6
유수프 베이 하우스 괴레메 (Yusuf Bey House Goreme),4.13
더 돔 케이브 바이 트래블러스 (The Dorm Cave By Travellers),4.5
Balloon View Hotel,4.33
헤난 파크 리조트 (Henann Park Resort),3.93
헤난 가든 리조트 (Henann Garden Resort),3.42
헤난 팜 비치 리조트 (Henann Palm Beach Resort),3.67
Marzon Beach Resort - Boracay,3.0
헤난 리젠시 리조트 앤 스파 (Henann Regency Resort And Spa),3.44
헤난 크리스털 샌즈 리조트 (Henann Crystal Sands Resort),3.73
헤난 라군 리조트 (Henann Lagoon Resort),3.35
페어웨이즈 앤 블루워터 보라카이 (Fairways and Bluewater Boracay),3.27
Signature Boracay Blue (Formerly La Banca House),3.67
세린 라 플라야 보라카이 (Serene La Playa Boracay),2.33
Savoy Hotel Manila,3.83
Hotel101 - Fort,4.0
Condo in AZURE Beach Resort Beach View #716,1.33
마이크로텔 바이 윈덤 몰 오브 아시아 - 다목적 호텔 (Microtel by Wyndham Mall of Asia),3.23
Belmont Hotel Manila ,3.84
파크 인 바이 래디슨 노스 에드사 (Park Inn by Radisson North Edsa),4.29
킹스포드 호텔 마닐라 (Kingsford Hotel Manila),3.54
Bayprime Hotel,3.83
Diamond Hotel,4.0
Tropicana Suites,4.09
사보이 호텔 막탄 뉴타운 (Savoy Hotel Mactan Newtown),3.37
Belmont Hotel Mactan,4.4
퀘스트 호텔 앤 컨퍼런스 센터 세부 (Quest Hotel and Conference Center Cebu),3.66
래디슨 블루 세부 (Radisson Blu Cebu),4.09
Sheraton Cebu Mactan Resort,4.32
bai Hotel,3.92
세부 화이트샌즈 리조트 앤 스파 (Cebu White Sands Resort and Spa),3.28
세부 R 호텔 -마볼로 (Cebu R Hotel - Mabolo),3.41
얼루어 호텔 앤 스위트 (Allure Hotel & Suites),3.65
시티 가든 호텔 마카티 (City Garden Hotel Makati),4.04
"세인트 자일스 마카티 - 어 세인트 자일스 호텔, 마닐라 - 다목적 호텔 (St Giles Makati – A St Giles Hotel, Manila)",3.78
아임 호텔 (I'M Hotel),3.89
Z 호스텔 (Z Hostel),3.08
1898 호텔 콜로니아 엔 라스 필리피나스 (1898 Hotel Colonia En Las Filipinas),4.08
시티 가든 그랜드 호텔 (City Garden GRAND Hotel),4.12
Valero Grand Suites by Swiss-Belhotel,3.81
코로 호텔 (Coro Hotel),3.83
Super OYO Capital O 907 Ceo Flats,4.25
Sunnette Tower Makati,5.0
라마다 홍콩 하버뷰 (Ramada Hong Kong Harbour View),2.95
아이클럽 셩완 호텔 (iclub Sheung Wan Hotel),3.5
Regala Skycity Hotel,3.98
베스트웨스턴 플러스 호텔 홍콩 (Best Western Plus Hotel Hong Kong),3.55
Ramada Hong Kong Grand,2.57
이비스 홍콩 센트럴 앤 셩완 호텔 (Ibis Hong Kong Central & Sheung Wan Hotel),3.56
B P 인터내셔널 (B P International),3.61
비숍 레이 인터내셔널 하우스 (Bishop Lei International House),3.43
Dash Living on Hollywood,3.36
