ATTR_NAME,SCORE
오클랜드 도메인,4.47
이든 산,4.3
비아덕트 하버,4.27
퀸 스트리트,4.2
원 트리 힐,4.47
오클랜드 하버 브리지,4.1
스카이 타워,4.03
Tamaki Makaurau Auckland isite,4.4
알버트 파크,4.3
North Head Historic Reserve,4.7
오클랜드 박물관,4.4
폰손비,4.3
랑기토토 섬,4.4
켈리 탈튼의 남극 체험관 & 언더워터 월드,4.0
Tiritiri Matangi Island,4.9
퀸즈타운 스카이 라인 - 곤돌라 & 루지,4.63
Queenstown Hill,5.0
Queenstown Gardens,4.77
Lake Wakatipu,4.53
Tahuna Queenstown isite Visitor Information Centre,4.5
Queenstown Mall,4.5
Frankton Therapeutic Massage Queenstown,5.0
RealNZ,4.8
AJ Hackett Bungy New Zealand,4.8
크라이스트처치 식물원,4.73
해글리 공원,4.53
Quake City,4.9
Christchurch Tramway,3.2
International Antarctic Centre,3.5
Christchurch Cathedral,3.87
캔터베리 박물관,4.2
Robert Falcon Scott Statue,3.56
Margaret Mahy Family Playground,4.7
Mona Vale,4.3
Hassle Free Tours,4.9
Botanic Gardens Tour,4.9
Victoria Park,4.5
웰링턴 케이블 카,4.3
뉴질랜드 박물관 (테파파),4.63
빅토리아 산,4.7
웰링턴 식물원,4.5
쿠바 스트리트 지구,3.97
Oriental Bay,4.4
국회 의사당,4.4
Wellington Waterfront,4.2
웰링턴 시티 & 해양 박물관,4.4
웰링턴 동물원,3.5
인터아일랜더 쿡 스트레이트 페리,4.0
Wellington Chocolate Factory,4.6
장개석 기념관,4.43
Taipei Metro System,4.6
Ximending,4.03
타이베이 101,4.23
Shilin Night Market,3.83
용산사,4.03
Elephant Mountain (aka Nangang District Hiking Trail),4.27
Maokong Gondola,4.47
TAIPEI 101 Observatory,3.97
Taoyuan International Airport MRT,4.47
대만 국립 고궁 박물관,4.33
Taiwan High Speed Rail,4.43
타이페이 아이,4.33
Beitou Hot Spring,3.97
양민산 국립 공원,4.5
The Pier-2 Art Centre,4.07
포광산,4.53
Kaohsiung Main Public Library,4.23
Kaohsiung Museum of Fine Arts,4.3
Fo Guang Shan Buddha Museum,4.8
Dragon Tiger Tower,4.2
Tuntex 85 Sky Tower,3.83
Cijin Island,4.67
Xiziwan,4.23
Formosa Boulevard Station,4.13
Central Park Kaohsiung,4.03
Kaohsiung (Cihou) Lighthouse,4.17
The Dome of Light,3.73
Chengcing Lake,4.1
Chishingtan Scenic Area,3.9
Taroko National Park,4.83
Taroko Gorge,4.83
Hualien Tourist Fish Harbor,4.0
Hualien Harbor Scenic Bridge,3.0
Yanzihkou Trail (Swallow Grotto),4.53
Dongdamen Night Market,3.5
Farglory Ocean Park,4.3
Yuli Antong Hot Spring,4.03
Su-Hua Highway,4.6
Zhuilu Old Trail,4.4
Shakadang Trail,4.6
Qingshui Cliff,4.4
Chihkan Tower (Fort Provintia),4.2
Guanziling Hot Spring,4.6
Confucius Temple,3.67
Ji Dian Wu Miao,4.17
Chimei Museum,4.5
National Cheng Kung University,4.6
National Museum of Taiwan History,4.3
Tainan Art Museum,4.57
Anping Fort (Anping gubao),4.03
Tainan Station,3.7
안평수옥,4.03
National Museum of Taiwan Literature,3.9
National Anping Harbor Historic Park,4.0
Hayashi Department Store,4.17
브란덴부르크 문 (브란덴부르크 토어),4.1
이스트 사이드 갤러리,3.93
Berliner Dom,4.5
Berlin Central Station,3.9
Tiergarten,4.83
테러의 토포그래피 박물관,4.27
도이쳐 분데슈타크,4.47
홀로코스트 기념관 (유대인 학살 추모 공원),4.63
Museum Island,4.3
베를린 장벽 기념관,3.97
Berliner Fernsehturm,3.7
Berliner Philharmonie,4.8
젠다르멘 광장,4.5
페르가몬 박물관,3.77
Mitte,4.4
마리엔 광장,4.1
New Town Hall (Neus Rathaus),3.83
BMW 박물관,4.3
Allianz Arena,4.43
Nymphenburg Palace,4.63
Olympic Tower,3.87
잉글리쉬 가든,4.63
Residenz,4.53
FC Bayern Museum,4.1
Viktualienmarkt,4.13
Munich Central Station,3.6
St. Peter's Church,4.2
Rathaus-Glockenspiel,4.23
Theresienwiese,4.63
Romer,4.27
Cathedral of St. Bartholomew (Dom St. Bartholomaus),4.0
Main Tower,4.07
Frankfurt am Main Hauptbahnhof,4.0
Roemerberg,4.1
Stadel Museum,4.63
Messe Frankfurt,3.97
Deutsche Bank Park,4.3
Iron Bridge,4.13
The Hauptwache,4.07
Mainkai,4.63
Commerzbank,3.5
Opera Frankfurt,4.4
Eschenheimer Turm,3.8
Frankfurt Christmas Market,4.5
Hamburg Town Hall,4.5
Port of Hamburg,4.17
Miniatur Wunderland,4.8
Kunsthalle Hamburg,4.2
Elbphilharmonie,4.4
Treppenviertel Blankenese,4.6
International Maritime Museum,4.9
Jungfernstieg,4.2
St. Michael's Church,3.8
Alster Lakes,4.6
Alter Elbtunnel,4.3
HafenCity,3.9
Hamburger Dom,4.3
Hamburg Hauptbahnhof,2.7
St Nikolai Memorial,4.8
붉은 광장,4.47
모스크바 크렘린,4.33
Moscow Metro,4.57
성 바실리 성당,4.43
Sparrow Hills (Vorobyovy Gory),4.0
Lomonosov Moscow State University (MGU),4.4
Moscow-City,3.9
Bolshoi Theatre,4.77
High-Speed Train Sapsan,4.8
Old Arbat (Stary Arbat),3.9
GUM 백화점,4.13
Kremlin Walls and Towers,4.13
Moscow Cathedral Mosque,4.3
Ostankino TV Tower,4.5
Cathedral of Christ the Saviour,4.43
피의 사원,4.8
네프스키 프로스펙트,4.4
Palace Bridge,4.6
The State Museum St. Isaac’s Cathedral,4.53
Admiralteyskaya Station,4.0
Gazprom Arena,4.5
University Embankment,4.56
The Building Of The Admiralty,4.1
Moscow Railway Station,4.14
Monument to A. D. Sakharov,4.0
Catherine Palace and Park,4.7
Smolny Cathedral,4.5
Nicholas Naval Cathedral of The Epiphany,3.5
Eagle's Nest Mount,3.93
Memorial to the Fighters for the Soviet Power in the Far East,3.87
Golden Bridge,4.1
Russky Bridge,4.4
Monument to Sailors,3.5
Railroad Terminal,3.77
Railway Station,4.0
Svetlanskaya Street,3.6
Monument of Cyril and Methodius/ Educators and creators of the Slavic alphabet,4.17
Lighthouse Egersheld,4.27
Funicular in Vladivostok,4.13
Explore Primorye,4.9
Railroad Square,4.0
Arboretum Park,4.3
Krasnaya Polyana Mountain Cluster,5.0
Riviera Park,3.8
Rosa Khutor Ski Resort,4.37
Olimpiyskiy Park,3.73
Sochi Discovery World Aquarium,2.67
Sochi Park,2.57
Skypark,5.0
Southern Cultures Park,3.87
Agura Waterfalls,4.47
The Observation Tower on Akhun Mountain,4.27
성 바울 성당 유적,4.1
베네시안 마카오 카지노,4.17
세나도 광장,3.93
하우스 오브 댄싱 워터,4.9
마카오 타워 컨벤션 & 엔터테인먼트 센터,3.93
마카오 박물관,4.13
몬테 요새,4.07
Skypark Macau Tower by AJ Hackett,4.17
윈 마카오,4.3
마카오 역사지구,3.9
A-Ma Temple (Ma Kok Miu),3.87
마카오 피셔맨스 워프,3.63
Performance Lake at Wynn Palace,4.67
페트로나스 트윈 타워,4.73
센트럴 마켓 쿠알라룸푸르,3.97
쿠알라룸푸르 컨벤션 센터,4.07
리틀 인디아 - 쿠알라룸푸르,3.87
KLCC Park,4.7
파빌리온 KL,4.47
쿠알라룸푸르 버드 파크,4.1
GO KL City Bus,4.43
KLIA Ekspres,4.53
Kuala Lumpur Sentral Railway Station,4.23
부킷 빈탕,4.03
잘란 알로,3.87
Kuala Lumpur City Gallery,4.17
로열 슬랑고르,4.07
마누칸 섬,4.1
Kota Kinabalu City Mosque,4.3
Tanjung Aru Beach,4.33
Imago Shopping Mall,4.23
Mantanani Island,4.07
자스민 마사지,4.6
Sapi Island,3.8
I Love KK,3.9
Tanjung Aru Perdana Park,3.97
Tunku Abdul Rahman Marine Park,4.03
Jesselton Point,4.2
Signal Hill Observatory Platform,3.37
"Night Market, Kota Kinabalu",3.57
Land Below The Wind,5.0
Poring Hot Springs,3.6
Panorama Langkawi SkyCab,4.2
랑카위 스카이 브리지,4.5
Eagle Square,3.93
Cenang Beach,4.13
Kilim Karst Geoforest Park,4.53
Tanjung Rhu Beach,4.6
Oriental Village,4.0
Langkawi Night Market,3.8
Fauna Flora Eco,5.0
Cenang Mall,3.67
Tengah Beach,4.1
Pulau Payar Marine Park,3.3
Dev's Adventure Tours,5.0
A Famosa Fort,3.83
Christ Church,4.43
Melaka Clock Tower,3.5
Malacca River,4.33
Villa Sentosa (Malay Living Museum),4.7
존커 스트리트,4.1
The Huskitory,5.0
Hang Jebat Mausoleum,3.38
St. Paul's Hill & Church (Bukit St. Paul),4.3
Pengkalan Balak Beach (Pantai Pengkalan Balak),3.92
AEON Bandaraya Melaka Shopping Centre,3.77
Melaka Straits Mosque,4.77
Dataran Pahlawan Melaka Megamall,4.0
Melaka River Cruise,3.8
Pantai Klebang,2.73
Zocalo,4.57
국립 인류학 박물관,4.73
코요아칸,4.6
Paseo de la Reforma,4.17
마요르 사원 박물관,4.8
San Angel,4.7
Mercado De Artesanias La Ciudadela,4.2
Catedral Metropolitana de la Ciudad de México,4.7
차풀테펙 성,4.57
Mercado de San Juan,4.9
역사 지구,4.2
Basilica de Santa Maria de Guadalupe,4.6
프리다 칼로 박물관,4.27
La Merced,4.1
La Isla,3.87
Avenida Kukulkan,4.2
Playa Delfines,4.2
Happy Shuttle Cancun,4.6
Coco Bongo Cancun,3.5
Terminal Autobuses ADO,3.4
Entertainment Plus,4.7
Beto Avila Stadium,4.7
Plaza Las Americas,4.0
툴룸의 마야 유적지,4.4
Mayan Beach,4.6
OZ Adventures,5.0
Playa Paraiso,3.3
Gran Cenote,4.6
Laguna Kaan Luum,4.6
Zaisan Memorial,4.33
Gorkhi-Terelj National Park,4.8
Galleria Souvenir Store,4.6
Galleria Souvenir,5.0
Choijin Lama Temple Museum,3.8
Altai Bighorn Statue,3.5
Genghis Khan Square,4.5
The State Department Store,4.1
National History Museum,4.2
Genghis Khan Statue Complex,4.03
Dream Mongolia Tours,4.97
Lotus Thai Massage,4.8
Galleria Ulaanbaatar,5.0
Hustai National Park,4.5
메트로폴리탄 미술관,4.4
록펠러 센터 전망대,4.8
센트럴 파크,4.73
타임 스퀘어,4.33
엠파이어 스테이트 빌딩,4.17
뉴욕 공공 도서관,4.43
브로드웨이,4.67
하이 라인,4.53
브라이언트 파크,4.3
그랜드 센트럴 터미널,4.47
현대 미술관,4.07
자유의 여신상,4.67
록펠러 센터,4.57
5번가,4.1
One World Observatory,4.27
금문교,4.33
샌프란시스코 베이,4.4
케이블 카,4.7
트윈 픽스,4.67
샌프란시스코 현대 미술관,4.53
샌프란시스코 시청,4.33
샌프란시스코 베이 브리지,3.87
Lombard Street,4.07
피어 39,4.23
알카트라즈,4.3
케이블 카 박물관,4.47
피셔맨즈 워프,4.43
Mission Dolores Park,4.4
코이트 타워,4.23
유니언 스퀘어,3.8
라스베이거스 프리미엄 아울렛,4.37
The Strip,4.13
Vegas Rockstar VIP,4.87
Welcome to Fabulous Las Vegas Sign,3.87
The Spa at Vdara,4.2
The Grand Canal Shoppes at The Venetian Resort,4.3
라스베가스 다운타운,4.5
Paris Las Vegas,4.2
Fremont Street Experience,4.03
스트래토스피어 타워,4.33
"Purple Reign, THE Prince Tribute Show!",3.43
Circus Circus Adventuredome Theme Park,3.4
Yangon Central Railway Station,3.7
쉐다곤 파고다,4.67
Sule Pagoda,3.73
Yangon Circular Train,3.9
Botahtaung Pagoda,4.4
Bogyoke Aung San Market,3.7
Myanmar Plaza Shopping Center,4.2
Immaculate Conception Cathedral,4.1
The Rangoon War Cemetery,4.1
JJ Express,4.8
Maha Bandula Park,4.3
Junction Square,3.7
Yangon Chinatown,3.6
Inya Lake,3.9
Hledan Centre,3.75
Mandalay Hill,4.6
Kuthodaw Pagoda & the World's Largest Book,4.67
미하무니 파고다,4.5
황금 궁전 수도원 (쉐난도 짜웅),4.7
Sanda Muni Paya,4.6
Health Center Thai Massage,3.9
Mandalay Palace,3.8
Mandalay Fort,3.8
Kyauk Taw Gyi Pagoda,4.5
Pahtodawgyi,4.4
바간의 사원들,4.77
아난다 사원,4.53
쉐산도 파고다,4.23
Sulamani Guphaya Temple,4.7
쉐지곤 파야,4.5
Dhammayangyi Temple,4.7
Htilominlo Pahto,4.4
Thatbyinnyu Temple,4.5
Oriental Ballooning Bagan,5.0
Bagan Viewing Tower,4.3
Shwe-gyu-gyi,4.4
Buphaya Paya,4.2
Bagan Archaeological Museum,4.2
Jasmine Family Lacquerware Workshop,4.7
하노이 구시가,3.73
호안 끼엠 호수,4.07
LA Spa Trendy,5.0
Mido Spa,5.0
Serene Spa,4.93
La Belle Vie Spa,5.0
Hanoi Labelle Vie Spa,5.0
Mido Spa 1,5.0
Estheva Spa,5.0
L'essence Spa,5.0
Dragonfly Cruise,4.93
Midori Spa,4.87
호치민의 묘,4.03
Midori Spa 3,5.0
Dragon Bridge,3.83
Herbal Spa,5.0
다 낭 비치,3.9
Ba Na Hills,4.53
Lady Buddha,4.33
Dahan Spa Danang,5.0
Tabalo Outdoor,4.9
Panda Spa,4.87
My Khe Beach,4.07
NIRVA SPA,4.07
라스파,4.93
Da Nang Aodai Ridertour,5.0
구엘 공원,4.33
Spotify Camp Nou,4.63
몬주익 공원,3.93
고딕 지구 (바리 고틱),4.6
Barcelona Cathedral,4.57
Aerobús,4.6
Parc d’Atraccions Tibidabo,4.7
카탈루냐 국립 미술관 - MNAC,4.73
Plaza de Catalunya,4.17
그라시아 거리,4.13
까딸라나 음악당,4.63
보케리아 시장,3.7
MUHBA Turó de la Rovira,4.57
프라도 박물관,4.6
Puerta del Sol,4.23
마드리드 왕궁,4.43
Santiago Bernabeu Stadium,4.57
Gran Via,3.9
Plaza de Cibeles,4.13
레티로 파크 (파르 델 레티로),4.5
Palacio de Cibeles,4.1
Plaza Mayor,3.97
Templo de Debod,3.9
Estacion de Atocha,4.03
Madrid Metro,4.23
티센-보르네밋사 박물관,4.77
소피아 여왕 예술 센터,4.6
Catedral de Sta Maria la Real de la Almudena,3.93
스페인 광장,4.77
세비야 대성당 (카테드랄 데 세비야),4.5
Torre Giralda,4.53
알카사르,4.2
Centro Historico de Sevilla,4.8
Setas de Sevilla (Metropol Parasol),4.23
Barrio Santa Cruz,4.53
마리아 루이사 공원,4.0
Torre del Oro,3.77
Iglesia Colegial del Salvador,4.4
Museo del Baile Flamenco,4.7
Plaza Nueva,4.1
Plaza del Triunfo,4.5
Ciudad de las Artes y las Ciencias,4.3
Oceanogràfic València,4.4
Central Market of Valencia,4.1
Valencia Cathedral,4.1
Estació del Nord,4.6
Miguelete,4.1
Plaza del Ayuntamiento,4.3
Plaza del Mercado (Placa del Mercat),4.5
Museu Faller de València,4.5
La Lonja de la Seda,4.6
Segway Anyway Valencia,5.0
Rent Bike Virgen,5.0
Puerto de Valencia,4.5
Torres de Serranos,4.5
블레드 성,4.2
Lake Bled,4.63
Bled Island,4.33
성모 승천 교회,3.9
Mamut Slovenija,3.9
Straza Bled,3.9
Triglav National Park,4.8
Zipline Dolinka,5.0
3glav Adventures,5.0
The Ljubljana Castle,4.13
프레세렌 광장,4.8
River Ljubljanica Kanal,4.0
삼중교 (트로모스토브예),4.27
Cankarjevo Nabrežje,4.3
Ljubljana Free Tour,5.0
Franciscan Church (Frančiškanska cerkev),4.7
Skyscraper (Nebotičnik),3.9
성 니콜라스 대성당,4.2
Ljubljana Old Town,4.4
Town Hall (Magistrat),3.9
용의 다리 (즈마이스키 모스트),3.67
Tivoli Park,4.6
Shoemaker's Bridge (Cevljarski Most),3.5
Vodnik Square (Vodnikov trg),4.2
Piran Town Walls,4.63
Church of St. George (Cerkev sv. Jurija) in Piran,4.6
타르티니 광장,4.57
Port Piran,4.2
First of May Square,3.5
Church of St. Francis of Assisi,4.1
Town Hall,4.1
가든즈 바이 더 베이,4.77
유니버셜 스튜디오 싱가포르,4.13
마리나 베이,4.67
싱가포르 케이블 카,4.43
차이나 타운,3.97
싱가포르 식물원,4.67
싱가포르 동물원,4.63
머라이언 공원,4.3
싱가포르 플라이어,4.33
오차드 로드,4.0
Cloud Forest,4.4
싱가포르 국립 박물관,4.63
Singapore Mass Rapid Transit (SMRT),4.7
싱가포르 국립 도서관,4.13
싱가포르 시티 갤러리,4.4
런던아이,3.7
대영 박물관,4.17
국립 미술관,4.7
런던 지하철,3.6
빅 벤,3.23
버킹엄 궁전,4.03
런던 자연사 박물관,4.5
타워 브리지,4.7
런던 타워,4.43
Sky Garden,4.53
하이드 파크,4.47
The View from The Shard,4.37
피카딜리 서커스,4.53
빅토리아 앨버트 박물관,4.47
Borough Market,4.53
에든버러 성,4.33
로열 마일,4.93
Calton Hill,4.8
Scott Monument,4.53
Edinburgh Old Town,4.57
프린세스 스트리트 가든,4.63
Castle Rock,4.2
The Royal Edinburgh Military Tattoo,4.5
Grassmarket,4.3
홀리루드 파크,4.63
Edinburgh Waverley Station,3.6
Palace of Holyroodhouse,4.27
The Great Hall,4.7
St. Margaret's Chapel,4.2
The Edinburgh Dungeon,4.2
Old Trafford,4.9
Etihad Stadium,4.8
National Football Museum,3.3
The John Rylands Library,4.6
Manchester Metrolink,2.6
Victoria Station,3.7
Science and Industry Museum,4.0
Arndale Market,4.6
Chinatown,2.9
The River Cam,4.3
Fitzwilliam Museum,4.7
하버드 대학교,4.57
매사추세츠 공과 대학교,4.4
Galt,4.0
하버드 광장,4.03
하버드 자연사 박물관,4.2
Salt Fork State Park,3.6
University of Cambridge,4.8
Cambridge Butterfly Conservatory,4.8
Hamilton Family Theatre Cambridge,4.9
Cambridge to Paris Rail Trail,4.53
The Cambridge Gin Laboratory,4.93
찰스 리버,4.3
시드니 오페라 하우스,4.6
시드니 하버,4.37
시드니 하버 브리지,4.87
시드니 아쿠아리움,4.07
시드니 페리,4.53
시드니 천문대,4.6
시드니 타워 아이 & 스카이워크,3.93
서큘러 키,4.2
본다이 비치,4.43
맨리 비치,4.1
퀸 빅토리아 빌딩 (QVB),4.07
하이드 파크,4.37
왓슨스 베이,4.47
더 록스,4.17
달링 하버,4.1
유레카 스카이덱 88,4.27
시티 서클 트램,4.47
플린더스 스트리트 역,4.17
야라 강,4.77
멜버른 박물관,4.63
세이트 패트릭 대성당,4.43
Degraves Street,4.2
멜버른 전쟁 기념관,4.5
구 멜버른 감옥,4.27
멜버른 왕립 식물원,4.87
블록 아케이드,4.27
Southbank,4.2
피츠로이 정원,4.67
Collins Street,4.4
브리즈번 강,4.67
마운트 쿠사 전망대,4.53
사우스 뱅크 파크랜드,4.73
휠 오브 브리즈번,4.3
시티캣 페리,4.47
브리즈번 식물원,4.6
City Hopper,4.9
론 파인 코알라 보호 구역,4.47
브리즈번 박물관,4.3
City Hall,4.5
스토리 브리지,4.4
Brisbane Greeters,5.0
Eat Street Northshore,4.3
Kangaroo Point Cliffs Park,4.7
Anzac Square & Memorial Galleries,4.2
Esplanade Boardwalk,4.4
Kuranda Scenic Railway,4.8
Cairns Aquarium,5.0
Northern Experience Eco Tours,4.8
Reef Magic Cruises,4.53
Cairns Esplanade Lagoon,4.53
Rusty's Market,4.7
Josephine Falls,4.9
Cairns Botanic Gardens,4.6
Great Barrier Reef,4.47
Down Under Cruise & Dive,4.9
Green Island,3.5
Night Markets,2.6
Divers Den,4.7
게이트웨이 오브 인디아,4.0
차트라바띠 시와지 역,4.37
마린 드라이브,4.2
Bandra-Worli Sea Link,4.7
Chhatrapati Shivaji Maharaj Vastu Sangrahalaya,4.4
Powai Lake,3.5
Hanging Gardens,3.4
High Street Phoenix,4.3
High Court Principal Bench Bombay,4.6
Sanjay Gandhi National Park,3.8
Juhu Beach,4.3
WOB India Tours,4.9
St. Thomas Cathedral Mumbai,4.3
시바지 공원,4.3
꾸뜹 미나르,4.5
인디아 게이트,4.2
Delhi Airport Metro Express,4.53
후마윤의 묘,4.3
Connaught Place,4.23
Driver India Private Tours,5.0
대통령 관저 (라파티 바반),3.3
Classic Golf Resort,4.17
하우즈 카스 빌리지,4.3
North India Private Driver,4.9
잔타르 만타르 - 델리,4.0
찬드니 초크,4.13
붉은 요새 (랄 킬라),3.97
Private India Tour Advisor,5.0
아그라 요새,4.0
타지마할,4.67
Raj Travels India,4.9
Sheesh Mahal,3.7
City of love boat tour,5.0
Ashok Cosmos Mall,3.33
이티마드 우드 다울라,4.7
안 벨성,4.8
바람의 궁전 (하와 마할),4.2
자이푸르 시티 팰리스,4.27
Sunny Tour Travels,4.0
Jaigarh Fort,5.0
Unique Jaipur Tour,4.9
Easy Peasy Tours,5.0
Nahargarh Fort,4.3
Namaste Jaipur Tours,5.0
자이푸르 잔타르 만타르,3.9
Kerala Ayurveda Kendra,4.5
Jaipur Zoo,4.1
워터밤 발리,4.8
발리 컬렉션,3.57
Kuta Beach - Bali,3.83
발리 고급 스파 & 한국 식당 로즈힐,4.73
UP2U 서프 스쿨 발리,4.93
Bali SUN Tours,5.0
Bali Swing,5.0
몽키 포레스트,4.3
몰 발리 갤러리아,3.9
The Care Day Spa,4.57
Nusa Bali Spa,5.0
Zahra Spa,4.53
띠르따 엠풀 사원,4.63
Bhava Spa Kuta,5.0
Karsa Spa,4.77
Braga Street,4.1
Jalan Asia Afrika,4.7
Bandung Grand Mosque,4.1
Bandung City Square,3.5
Ciater Hot Spring,4.0
Trans Studio Bandung,3.7
Ola Family Spa & Reflexology,4.5
Rumah Mode Factory Outlet,3.4
Trans Studio Mall,4.2
Amazing Art World,4.7
Sudirman Street,4.0
자카르타 대성당,4.33
모나스,3.63
Grand Indonesia Mall,4.27
이스티크랄 모스크 (이스티크랄 사원),4.2
Gambir Train Station,4.0
Jakarta Old Town,4.07
스리부 섬 (천개의 섬),4.2
Ragunan Zoo,3.6
타만 미니 인도네시아 인다,4.03
안촐 유원지,4.1
Taman Anggrek Mall,4.5
국립 박물관,4.2
Plaza Indonesia,4.4
Pondok Indah Water Park,4.2
차이나타운,3.7
도쿄 타워,4.53
오다이바,4.5
에도-도쿄 박물관,4.33
도쿄역,3.87
모리 타워,4.57
도쿄 스카이 트리,4.4
도쿄돔,4.37
도쿄 국립 박물관,3.9
도쿄 도청,3.87
Tokyo Metropolitan Government Building Observation Decks,4.43
아사쿠사,4.33
긴자 환락가,4.73
도쿄 돔 시티,4.4
도톤보리,4.03
유니버셜 스튜디오 재팬,4.57
우메다 스카이 빌딩 - 공중 정원 전망대,4.13
오사카 성,3.53
신사이바시,3.63
쿠로몬 시장,4.13
Osaka Kale Parkı,4.03
HEP FIVE 관람차,3.9
오사카 생활 박물관,4.03
텐포잔 대관람차,4.03
키즈 플라자 오사카,4.17
오사카 시립 동양 도자 미술관,4.27
Akiba Kart Osaka,5.0
오사카 텐만구,3.47
오사카 역사 박물관,3.97
금각사,3.93
후시미 이나리 신사,4.33
Kiyomizu-dera,3.83
은각사,4.7
교토역 빌딩,3.97
교토 타워,3.83
교토 니시키 시장,3.9
Gion,4.0
Arashiyama,4.23
교토 식물원,4.53
교토 궁전,4.03
Nijo Kalesi,4.43
산넨자카 니넨자카,4.13
에이칸도,4.53
산젠,4.67
JR 타워 전망대 T38,4.0
Odori Park,3.93
Susukino,4.23
Sapporo Beer Museum,4.0
삿포로 오쿠라야마 전망대,4.33
Sapporo TV Tower,4.17
홋카이도 대학 삿포로 캠퍼스,4.23
Clock Tower (Tokei-dai),2.97
Mt. Moiwa,4.33
Sapporo Underground Pedestrian Space,4.27
Sapporo City Transportation (Tram),4.2
Former Hokkaido Government Office Building,3.63
Sapporo Snow Festival,4.6
상하이의 와이탄 (와이탄),4.63
신천지,4.17
번드 인터내셔널 아키텍처 익스히비션,4.1
Shanghai Urban Planning Exhibition Hall,4.1
Shanghai Metro,4.1
상하이 세계 금융 센터,4.3
상하이 역사 박물관,4.33
Pudong New Area,4.37
상하이 박물관,3.6
중국 고속 철도,4.27
난징로드,4.13
상하이 서커스 월드,4.2
Former French Concession,4.23
상해 대한민국 임시정부 유적지,4.7
만리장성,4.77
이화원,4.53
천안문,3.87
The Great Wall at Badaling,4.43
Wangfujing Street,3.9
Beijing Subway,3.57
천단 (티엔탄 공원),4.27
경산 공원 (잉샨 꽁위엔),4.63
천안문 광장,4.13
고궁 박물관,4.43
Beijing Tour Guide,5.0
Hall of Great Harmony (Taihe Dian),4.67
Beijing Walking Tours,4.9
이화원 장랑,3.8
798 아트 존,3.93
Canton Tower,4.33
Shamian Island,4.3
Guangzhou Metro,4.4
Huaisheng Mosque,4.4
Museum of the Western Han Dynasty Mausoleum of the Nanyue King,4.4
Sacred Heart Cathedral,4.1
Beijing Road Ancient Avenue,3.7
Beijing Road Shopping District,3.9
Pearl River (Zhujiang),4.5
Guangdong Museum of Art,3.5
Party Pier,4.3
Xiaogang park,4.5
Guangdong Museum,4.1
Baiyun Mountain,4.1
West Lake (Xi Hu),4.1
Hangzhou Songcheng,4.7
QingHeFang,4.6
Fei Lai Feng,4.9
Pagoda of Six Harmonies,4.0
Xixi Wetland Park,4.1
Ping Hu Qiu Yue,4.1
National Tea Museum,4.3
Hangzhou Chenghuang Pagoda,4.1
River square Shopping Street,3.0
Gu Shan (Solitary Hill),4.4
Three Pools Mirroring the Moon,4.8
China National Silk Museum,4.9
Pub Street,4.53
Lucky Mall Siem Reap,3.0
보디아 스파 시엠립,4.7
Siem Reap Shuttle Tours,4.97
Thai Zen Spa,4.9
Mudita Spa,4.9
ArtBox,4.3
Psar Chaa - Old Market,3.7
Heng Transport Service,5.0
Helicopters Cambodia,4.7
Chong Kneas Floating Village,2.2
프놈 바켕,3.9
반테아이 스레이,4.63
Srah Srang,4.0
Cambodia Private Taxi Driver,5.0
프놈펜 독립 기념탑,4.1
Angkor Spa,4.8
뚜얼 슬렝 대량학살 박물관,4.6
왓 프놈,3.8
Aeon Mall,4.3
Soma Spa,5.0
중앙 시장,3.6
로얄 팰리스,4.1
킬링 필드 (청아익),4.8
나가월드 카지노,4.9
Kuntheak Spa,5.0
Russian Market,3.5
보디아 스파 프놈펜,3.9
Phnom Tamao Wildlife Rescue Center,4.6
실버 파고다,4.2
Golden Lion Gym,3.7
Otres Beach,4.9
Ochheuteal Beach,1.6
Saracen Bay Beach,4.0
Buddy Land Water Park,4.17
Red Shark Charter,5.0
Serendipity Beach,2.4
Independence Beach,3.4
Unique Spa,3.3
Jasmine Spa,3.89
Scuba Nation Diving Centre,5.0
Kbal Chhay Waterfall,3.63
The Party Boat,2.9
Queenco Fitness Club and Spa,4.5
Phnom Chhngok Cave Temple,3.6
Butterfly Tours,5.0
La Plantation,3.9
Bokor National Park,4.1
Climbodia,5.0
Golden Hands Massage & Spa,3.2
SUP Asia,5.0
Old Catholic Church,4.1
Kampot-Kep Tuk Tuk-Taxi Drivers,5.0
Rany - The TukTuk Driver in Kampot and Kep,5.0
Bokor Hill Station,2.4
Popokvil Waterfall,3.2
Bokor Mountain,4.43
Arcadia Waterpark,4.23
Teuk Chhou Rapids,3.4
토론토 아일랜드 파크,4.33
Hockey Hall of Fame,4.4
Toronto City Hall,4.5
Toronto Zoo,3.5
로열 온타리오 박물관,3.87
밴쿠버 아쿠아리움,3.93
밴쿠버 전망대,4.27
밴쿠버 다운타운,4.67
밴쿠버 공공 도서관,4.4
스탠리 파크,4.8
스카이 트레인,4.37
퀸 엘리자베스 공원,4.67
잉글리시 베이,4.53
그라우스 마운틴,4.7
개스타운,3.97
False Creek,4.83
아쿠아버스 페리,4.43
캐나다 플레이스,4.3
키칠라노 비치,4.9
그랜빌 아일랜드,4.27
Old Montreal,4.4
마운트 로얄,4.53
몬트리올 미술관 (Musee des Beaux-Arts),4.3
노트르담 성당 (바질리키 노트르 - 담),4.53
Old Port of Montreal,4.27
성 요셉 대성당,4.57
VIA Rail Canada Montreal Station,3.6
Place des Arts,4.6
Jean-Talon Market,4.7
Montreal Botanical Garden,4.5
Parc Jean-Drapeau,3.9
McGill University,4.4
Notre-Dame-de-Bon-Secours Chapel,4.2
Chalet Du Mont Royal,4.3
Underground City,4.0
BTS 스카이트레인,4.63
석가모니 열반상이 있는 사원 (왓 포),4.27
카오산 로드,3.9
왕궁,3.83
Chatuchak Weekend Market,4.43
시암 파라곤,4.57
에메랄드 사원 (왓 프라깨우),4.37
Asiatique The Riverfront,3.87
룸피니 공원,4.43
짐 톰슨 하우스,4.17
Airport Rail Link,4.47
차오프라야 강,4.53
새벽 사원 (왓 아룬),4.63
Retreat on VITAYU,4.87
방콕 문화 예술 센터,4.33
Banana Beach,4.9
푸켓 빅 부다,4.37
오리엔탈 드 푸켓,4.27
푸켓 사이먼 쇼,3.57
방라 로드,3.3
Patong Beach,3.47
정실론,3.83
왓찰롱,3.97
카타 비치,4.6
일요일 산책로 시장(랏야이),4.5
Nai Harn Beach,4.33
Old Phuket Town,4.47
Freedom Beach,4.3
Night Bazaar,3.0
왓 체디 루앙,4.43
Wat Phra Singh,4.37
Wat Phra That Doi Kham (Temple of the Golden Mountain),4.57
기빙트리,4.77
Tha Phae Gate,3.57
Anantara Spa,5.0
Zira Spa,4.57
Zabb E Lee Thai Cooking School Chiangmai By Anne,4.83
Maya Lifestyle Shopping Center,4.0
Old Chiangmai Cultural Center,4.0
워킹 스트리트 파타야,3.1
파타야 비치,2.87
파타야 수상 시장,3.03
CentralFestival Pattaya Beach,4.37
엘리펀트 빌리지 파타야,3.1
진리의 성전,4.23
Koh Larn,4.37
Grace Spa,4.93
좀티엔 비치,3.73
빅 부다,3.8
Airport Pattaya Bus,4.23
Beach road,3.57
파타야 워터 파크,3.5
Aya Sofya Müzesi / Kilisesi,4.8
이스탄불 역사 지구,4.67
술탄아흐메트 지구,4.83
블루 모스크 (술탄 아흐멧 모스크),3.63
이스탄불 현대 미술관,4.23
지하 궁전,3.73
쉴레이마니예 모스크,4.63
갈라타 타워,4.17
보스포루스 해협,4.73
굴하네 파크,3.83
루멜리 성채,4.7
톱카프 궁전,4.63
돌마바흐체 궁전,4.63
Sultanahmet Square,4.33
이스티크랄 거리,4.1
괴레메 야외 박물관,4.53
괴레메 국립 공원,4.7
Fairy Chimneys,4.7
Sunset Point,4.77
피존 밸리,4.07
Love Valley,4.43
Goreme Panorama,4.7
로즈 밸리,4.5
Camel Rock,3.97
Rose Valley,4.8
Cappadocia Life Travel,5.0
Village Dowry Carpets - Cappadocia,5.0
화이트 비치,4.87
D'Mall,4.1
Red Whale Boracay,5.0
Crystal Cove Island,3.33
루호산,3.9
윌리스 록,4.03
불라복 비치,3.47
Fisheye Divers,5.0
야팍 비치,4.23
Funfun Boracay,4.5
디니위드 비치,4.2
iSite Boracay,4.5
WaterColors Boracay Diving Adventures,5.0
티르타 스파,4.6
마닐라 베이,3.67
마닐라 오션 파크,3.07
마닐라 대성당,4.07
인트라무로스,3.9
산 아구스틴 교회,4.2
SM Mall of Asia,4.17
산티아고 요새,3.8
리살 공원,3.7
Bonifacio Global City,4.7
Malate District,3.4
Venice Grand Canal Mall,4.3
산 아구스틴 박물관,4.17
Roxas Boulevard,3.2
그린벨트 파크,4.6
아얄라 박물관,4.4
Ayala Center Cebu,3.97
Santo Nino Bazilikası,4.03
Tops Lookout,4.03
Gold Moon Spa,5.0
Taoist Temple,4.0
Fort San Pedro,3.9
Magellan's Cross,3.67
SM City Cebu,4.17
Marcelo Fernan Bridge,3.93
Oslob Whale Sharks,4.7
Lapu Lapu Statue,3.77
Cebu Top,4.0
Osmena Peak,4.4
Nature Wellness Massage & Spa,5.0
카라스파,4.6
Ayala Triangle Gardens,4.5
Ayala Center,4.3
Greenbelt Mall,4.13
Caracol Festival,5.0
P Burgos Street,3.4
Asian Massage,3.8
Museo Ng Makati,2.4
I'M Onsen Spa,3.4
빅토리아 피크,4.53
스타 페리,4.37
홍콩 디즈니랜드,4.17
피크 트램,4.23
MTR,4.23
침사추이 산책로,4.1
미드 레벨 에스컬레이터,3.8
홍콩 스카이라인,4.5
Airport Express,4.73
몽콕,3.27
이층 케이블 카,4.03
홍콩 과학 박물관,4.43
홍콩 공원,4.17
