KEYWORD,FIGURE
해외 여행 추천,100
일본 여행,90
일본,90
여행 준비물,69
해외 여행 준비물,69
해외 여행 카드,44
해외 여행 보험,40
비행기,36
패키지 여행,33
해외 안전 여행,31
해외 여행 체크 리스트,28
해외 여행 코로나,27
해외 로밍,26
해외 여행지 추천,25
로밍,25
해외 여행 로밍,25
여행지 추천,25
베트남 여행,24
해외 여행 유심,24
베트남,24
해외 유심,24
해외 여행 백신,23
혼자 해외 여행,21
외교부,20
항공권,19
해외 여행,100
여행,100
해외 여행 추천,9
일본,8
일본 여행,8
여행 준비물,6
해외 여행 준비물,6
해외 여행 카드,4
해외 여행 보험,4
비행기,3
패키지 여행,3
해외 안전 여행,3
해외 여행 체크 리스트,2
코로나 해외 여행,2
해외 여행지 추천,2
해외 여행 로밍,2
로밍,2
해외 로밍,2
여행지 추천,2
해외 여행 유심,2
베트남 여행,2
해외 여행 백신,2
혼자 해외 여행,2
항공권,2
대만 여행,2
