ACCOM_CODE,IMG_PATH
AC1000,https://pix8.agoda.net/hotelImages/11971/-1/8c5ea3c19e303bfc467d75bc9eddd190.jpg?ca=13&ce=1&s=1024x768
AC1001,https://pix8.agoda.net/hotelImages/26079916/-1/6aa58aa8d1088b111395f3c54c5bea80.jpg?ca=27&ce=0&s=1024x768
AC1002,https://pix8.agoda.net/hotelImages/4980/0/4e78169809649dcbf6d123d41cf45fb1.jpg?ca=7&ce=1&s=1024x768
AC1003,https://pix8.agoda.net/hotelImages/861/861964/861964_15051507120027506856.jpg?ca=4&ce=1&s=1024x768
AC1004,https://pix8.agoda.net/hotelImages/186/186452/186452_13041009570011762530.jpg?ca=0&ce=1&s=1024x768
AC1005,https://pix8.agoda.net/hotelImages/77468/-1/738939ab59fc83e14dd060f8f0faa8ca.jpg?ca=0&ce=1&s=1024x768
AC1006,https://pix8.agoda.net/hotelImages/648/648848/648848_16060310250043094671.jpg?ca=6&ce=1&s=1024x768
AC1007,https://pix8.agoda.net/hotelImages/240/2402569/2402569_20092901390092496398.jpg?ca=14&ce=1&s=1024x768
AC1008,https://pix8.agoda.net/hotelImages/13887494/-1/d7d2c53169f417dc0ddf24185f423e2d.jpg?ca=11&ce=1&s=1024x768
AC1009,https://pix8.agoda.net/hotelImages/78672/0/8ba3abb5a5180af6284090e409850869.jpg?ca=7&ce=1&s=1024x768
AC1010,https://pix8.agoda.net/hotelImages/23070510/-1/bc5ba5b087a5441356eef409eccfe51a.jpg?ca=18&ce=1&s=1024x768
AC1011,https://pix8.agoda.net/hotelImages/544/5449280/5449280_18081011050067401245.jpg?ca=0&ce=1&s=1024x768
AC1012,https://pix8.agoda.net/hotelImages/6770591/0/dca9325103e1810afc68cd2f1c82b7a9.jpg?ce=0&s=1024x768
AC1013,https://pix8.agoda.net/hotelImages/183/183613/183613_120511052857143.jpg?ca=0&ce=1&s=1024x768
AC1014,https://pix8.agoda.net/hotelImages/32826279/0/50392702913f1dfa3a580883fa30a79a.jpg?ce=0&s=1024x768
AC1015,https://pix8.agoda.net/hotelImages/41455503/0/15e12b6b39cf7e825f7a69bf7d74f5d7.jpg?ce=0&s=1024x768
AC1016,https://pix8.agoda.net/hotelImages/296/296141/296141_17060211090053420518.jpg?ca=6&ce=1&s=1024x768
AC1017,https://pix8.agoda.net/hotelImages/731/7313/7313_15090208590035507175.jpg?ca=5&ce=1&s=1024x768
AC1018,https://pix8.agoda.net/hotelImages/478592/-1/c05eabc8cd09a85ed44d6142f0135921.jpg?ce=0&s=1024x768
AC1019,https://pix8.agoda.net/hotelImages/21874089/-1/8a6235eaf9b5c0ae0a9484b253996530.jpg?ca=17&ce=1&s=1024x768
AC1020,https://pix8.agoda.net/hotelImages/931489/-1/bd10a5ae1b9bb9e928877eae9661b480.jpg?ce=0&s=1024x768
AC1021,https://pix8.agoda.net/hotelImages/284/284702/284702_15081015300033976602.jpg?ca=13&ce=1&s=1024x768
AC1022,https://pix8.agoda.net/hotelImages/1637047/-1/f8319da81f97855f8efe7d46555f409f.jpg?ca=16&ce=1&s=1024x768
AC1023,https://pix8.agoda.net/hotelImages/161/1618982/1618982_17031510010051552748.jpg?ca=6&ce=1&s=1024x768
AC1024,https://pix8.agoda.net/hotelImages/487878/-1/0bcd7224fd3d2a33d3a5bd2c6bf9d4b8.jpg?ce=0&s=1024x768
AC1025,https://pix8.agoda.net/hotelImages/2985159/-1/b2edf2b1295adfbb7b217e5a29142dc8.jpg?ca=9&ce=1&s=1024x768
AC1026,https://pix8.agoda.net/hotelImages/30950337/0/7ceb0c2286b7d17d058e1768e9818def.jpg?ca=27&ce=0&s=1024x768
AC1027,https://pix8.agoda.net/hotelImages/127/1270823/1270823_17082101490055536178.jpg?ca=6&ce=1&s=1024x768
AC1028,https://pix8.agoda.net/hotelImages/409/409492/409492_16041516180041544626.jpg?ca=6&ce=1&s=1024x768
AC1029,https://pix8.agoda.net/hotelImages/861864/-1/68f702b591dbb4b8f5d1769a296aa07a.jpg?ca=20&ce=0&s=1024x768
AC1030,https://pix8.agoda.net/hotelImages/1195267/-1/f78ec82a747335adb0ecf0b6a0ad170e.jpg?ce=0&s=1024x768
AC1031,https://pix8.agoda.net/hotelImages/862/862201/862201_15052915090028031898.jpg?ca=4&ce=1&s=1024x768
AC1032,https://pix8.agoda.net/hotelImages/564548/-1/84e928e63b853376fcbc71c392ba3a84.jpg?ce=0&s=1024x768
AC1033,https://pix8.agoda.net/hotelImages/412089/-1/728b50f4391a351b4f15dcb9953e2742.jpg?ca=9&ce=1&s=1024x768
AC1034,https://pix8.agoda.net/hotelImages/502793/-1/9d154e7cf07d20ff3aee20e6ac28c5cc.jpg?ca=18&ce=1&s=1024x768
AC1035,https://pix8.agoda.net/hotelImages/19855766/-1/708ec7bba3586f8030c592917c90c946.jpg?ca=17&ce=1&s=1024x768
AC1036,https://pix8.agoda.net/hotelImages/1319075/-1/9e0697eb58415fbffb699469a7e2028f.jpg?ce=0&s=1024x768
AC1037,https://pix8.agoda.net/hotelImages/905/905574/905574_16040814200041395209.jpg?ca=6&ce=1&s=1024x768
AC1038,https://pix8.agoda.net/hotelImages/849/8495698/8495698_19080618300079044533.jpg?ca=9&ce=1&s=1024x768
AC1039,https://pix8.agoda.net/hotelImages/2727823/-1/91f151d49a82d76ddd41e22d9be1d477.jpg?ca=0&ce=1&s=1024x768
AC1040,https://pix8.agoda.net/hotelImages/29536936/-1/0c175b02017e78c848774495f5d7d6a3.jpg?ce=0&s=1024x768
AC1041,https://pix8.agoda.net/hotelImages/109/109067/109067_17042615010052643787.jpg?ca=6&ce=1&s=1024x768
AC1042,https://pix8.agoda.net/hotelImages/11148987/-1/7af45aa3c4d9c000f92a6b04b065f244.jpg?ca=11&ce=1&s=1024x768
AC1042,https://pix8.agoda.net/hotelImages/11148987/-1/7af45aa3c4d9c000f92a6b04b065f244.jpg?ca=11&ce=1&s=1024x768
AC1043,https://pix8.agoda.net/hotelImages/31373782/-1/ba47dcc031d5d427d926895eb46cdddb.jpg?ce=0&s=1024x768
AC1044,https://pix8.agoda.net/hotelImages/284650/-1/d0b3397547171f339508e8e08f4ecd4f.jpg?ce=0&s=1024x768
AC1045,https://pix8.agoda.net/hotelImages/1198024/-1/bf8c2a7f02f2c04f0343ac6d4903a36a.jpg?ca=9&ce=1&s=1024x768
AC1046,https://pix8.agoda.net/hotelImages/189/18932450/18932450_20102721220092942558.png?ca=15&ce=1&s=1024x768
AC1047,https://pix8.agoda.net/hotelImages/22438914/0/5f62d0f538928e846817253129ffc613.jpg?ca=17&ce=1&s=1024x768
AC1048,https://pix8.agoda.net/hotelImages/445217/-1/8c3a099e6d9df8a9b93ea90b6439a0e5.jpg?ca=8&ce=1&s=1024x768
AC1049,https://pix8.agoda.net/hotelImages/4895143/0/c9e038a621359fce9ce36649a260f9ce.jpg?ca=9&ce=1&s=1024x768
AC1050,https://pix8.agoda.net/hotelImages/43366644/-1/683e427bc3da286d73749c2e505bbd33.jpg?ce=0&s=1024x768
AC1051,https://pix8.agoda.net/hotelImages/28752597/0/7ff938277e30717845020ab36c5ddbdb.jpg?ce=0&s=1024x768
AC1052,https://pix8.agoda.net/hotelImages/9455355/0/2fedd1b01c1613d3334b32619e81c7fc.jpg?ce=0&s=1024x768
AC1053,https://pix8.agoda.net/hotelImages/461/461740/461740_15082421430034956630.jpg?ca=5&ce=1&s=1024x768
AC1054,https://pix8.agoda.net/hotelImages/931964/0/73bd67ea7828ea76a4b0fb29078e6a60.jpg?ca=7&ce=1&s=1024x768
AC1055,https://pix8.agoda.net/hotelImages/218/2186075/2186075_17042219130052554288.jpg?ca=6&ce=1&s=1024x768
AC1056,https://pix8.agoda.net/hotelImages/117/117305/117305_16033016400041180243.jpg?ca=6&ce=1&s=1024x768
AC1057,https://pix8.agoda.net/hotelImages/805087/-1/198a7da65b0bcc9c4c4ed5bac3e1c121.jpg?ca=10&ce=1&s=1024x768
AC1058,https://pix8.agoda.net/hotelImages/117/117413/117413_14050522410019310765.jpg?ca=2&ce=1&s=1024x768
AC1059,https://pix8.agoda.net/hotelImages/3253595/0/c0039f9ce66d676ccfc523c615d64e86.jpg?ca=9&ce=1&s=1024x768
AC1060,https://pix8.agoda.net/hotelImages/31188002/-1/76a5193a084370dd833cc68e8395ea20.jpg?ca=29&ce=0&s=1024x768
AC1061,https://pix8.agoda.net/hotelImages/937/0/bf8a323019bee92ae02c892640bf14f4.jpg?ca=7&ce=1&s=1024x768
AC1062,https://pix8.agoda.net/hotelImages/22309896/-1/c29ee994009cc7c414eea5c960024cc5.jpg?ca=17&ce=1&s=1024x768
AC1063,https://pix8.agoda.net/hotelImages/6538/-1/95be948de7bfa64c220d7e4f9f8b4284.jpg?ca=16&ce=1&s=1024x768
AC1064,https://pix8.agoda.net/hotelImages/695/6956246/6956246_19041519350073755896.jpg?ca=8&ce=1&s=1024x768
AC1065,https://pix8.agoda.net/hotelImages/678/67853/67853_120925194746078.jpg?ca=0&ce=1&s=1024x768
AC1066,https://pix8.agoda.net/hotelImages/3263504/0/956f82c5a1338664f1c8c0021d22a870.jpg?ca=18&ce=1&s=1024x768
AC1067,https://pix8.agoda.net/hotelImages/35956748/-1/f005d8d31dafbb45aaf9cb7425f59948.png?ce=0&s=1024x768
AC1068,https://pix8.agoda.net/hotelImages/1622103/-1/d2d6ddf567ae66a23ae51c66ba82d79a.png?ca=12&ce=1&s=1024x768
AC1069,https://pix8.agoda.net/hotelImages/102/10264620/10264620_19101916470082197105.jpg?ca=9&ce=1&s=1024x768
AC1070,https://pix8.agoda.net/hotelImages/1191870/-1/15573a9f387606b378b10a1ed30072e9.jpg?ca=10&ce=1&s=1024x768
AC1071,https://pix8.agoda.net/hotelImages/31620440/-1/e4f2fc35a14874af52300d588d20007f.jpg?ce=0&s=1024x768
AC1071,https://pix8.agoda.net/hotelImages/31620440/-1/e4f2fc35a14874af52300d588d20007f.jpg?ce=0&s=1024x768
AC1072,https://pix8.agoda.net/hotelImages/13873149/-1/b79d7a1830d997821d4066a58d16fe20.png?ca=16&ce=1&s=1024x768
AC1073,https://pix8.agoda.net/hotelImages/5085506/-1/429e5fdc4f8132768287fab2fbb8ee84.jpg?ca=8&ce=1&s=1024x768
AC1074,https://pix8.agoda.net/hotelImages/32218032/-1/1fc9aba2a5b136132b0751713435a834.jpg?ce=0&s=1024x768
AC1075,https://pix8.agoda.net/hotelImages/38064939/0/97cf7f423ce9b99d746b18b6e7f04cea.jpg?ce=0&s=1024x768
AC1076,https://pix8.agoda.net/hotelImages/7545188/0/902d8b97b1f12e699186edc20a71bf2f.jpg?ce=0&s=1024x768
AC1077,https://pix8.agoda.net/hotelImages/271834/-1/50aaa5a4de5029e9711d056e2a6b1614.jpg?ca=0&ce=1&s=1024x768
AC1078,https://pix8.agoda.net/hotelImages/43471/-1/358d1ebddfe6e87a94fc7f8fb664e506.jpg?ca=9&ce=1&s=1024x768
AC1079,https://pix8.agoda.net/hotelImages/2682/-1/2ecf2539ecc11bf8df5b8c6e458517d3.jpg?ca=6&ce=1&s=1024x768
AC1080,https://pix8.agoda.net/hotelImages/10396/0/f0a39d8818891685b9bd67792ec17824.jpg?ca=7&ce=1&s=1024x768
AC1081,https://pix8.agoda.net/hotelImages/36439584/0/5eb348436f33c5604be58d993987177d.jpg?ce=0&s=1024x768
AC1082,https://pix8.agoda.net/hotelImages/5079693/0/88efa5a90861d878430256b281e8d769.jpg?ce=0&s=1024x768
AC1083,https://pix8.agoda.net/hotelImages/6361772/-1/f77139c327652770f744a41c9147f16d.jpg?ca=9&ce=1&s=1024x768
AC1084,https://pix8.agoda.net/hotelImages/34736116/0/11ab6256d4e87ae9808438c16b24e209.jpg?ce=0&s=1024x768
AC1085,https://pix8.agoda.net/hotelImages/34505502/-1/f012b94d2fc4440e8131ec69f62e1b01.jpg?ce=0&s=1024x768
AC1086,https://pix8.agoda.net/hotelImages/84505/-1/506dd8a74c46c1feb56a0855c1e5c369.jpg?ca=18&ce=1&s=1024x768
AC1087,https://pix8.agoda.net/hotelImages/406785/-1/bf76ee8a08d9f8e61582f767aac9412b.jpg?ca=9&ce=1&s=1024x768
AC1088,https://pix8.agoda.net/hotelImages/237996/-1/cdbed3bc399b1570fd526e8ab9ae41f3.png?ce=0&s=1024x768
AC1089,https://pix8.agoda.net/hotelImages/10610078/-1/124bb4fa3e2cf36d74241e9e241d519f.jpg?ce=0&s=1024x768
AC1090,https://pix8.agoda.net/hotelImages/7626/-1/43015d4aa366b6235dc4c570fd049a97.jpg?ca=9&ce=1&s=1024x768
AC1091,https://pix8.agoda.net/hotelImages/36419975/0/0f292ab8295126f1a35f0f316faf8415.jpg?ce=0&s=1024x768
AC1092,https://pix8.agoda.net/hotelImages/479474/-1/848d56964344c88661aff87faa686da8.jpg?ca=17&ce=1&s=1024x768
AC1093,https://pix8.agoda.net/hotelImages/1621832/-1/27590007e6e5d74a15b23dd503b8ba13.jpg?ca=13&ce=1&s=1024x768
AC1094,https://pix8.agoda.net/hotelImages/28379730/566037832/cd2d8e8095d6233a5ea34088cc76effd.jpg?ce=0&s=1024x768
AC1095,https://pix8.agoda.net/hotelImages/879/8791/8791_15090311140035547689.jpg?ca=5&ce=1&s=1024x768
AC1096,https://pix8.agoda.net/hotelImages/5079954/0/be6f7dd161e29d6afdb31f09aa0650ef.jpeg?ce=0&s=1024x768
AC1097,https://pix8.agoda.net/hotelImages/7010982/-1/f4591194fe735343ceb218c5fe4d98f5.jpg?ce=0&s=1024x768
AC1098,https://pix8.agoda.net/hotelImages/420/420140/420140_13022517500010541614.jpg?ca=0&ce=1&s=1024x768
AC1099,https://pix8.agoda.net/hotelImages/4343847/0/0d907b2907a0d4fa00e7b481805429a8.jpg?ca=9&ce=1&s=1024x768
AC1100,https://pix8.agoda.net/hotelImages/533/0/028cdf846b720ae1c9a7da0fa82542bb.jpg?ca=7&ce=1&s=1024x768
AC1101,https://pix8.agoda.net/hotelImages/4607712/0/02d95697a05c88467048791785337551.jpg?ca=7&ce=1&s=1024x768
AC1102,https://pix8.agoda.net/hotelImages/38048259/0/9cfec717d577e593f86f52b53a7273e0.jpg?ce=0&s=1024x768
AC1103,https://pix8.agoda.net/hotelImages/2546795/-1/1d7625a53973541ba11f627e1fb42b75.jpg?ca=13&ce=1&s=1024x768
AC1104,https://pix8.agoda.net/hotelImages/66276/-1/668a50dec7dfee64f0ec54b7601445c2.jpg?ca=7&ce=1&s=1024x768
AC1105,https://pix8.agoda.net/hotelImages/2547185/-1/1174e22ee67498db34c05260cfcc16bc.jpg?ce=0&s=1024x768
AC1106,https://pix8.agoda.net/hotelImages/9393188/-1/7a82ced24e88e3214805799399722e0e.jpg?ca=10&ce=1&s=1024x768
AC1107,https://pix8.agoda.net/hotelImages/2297145/0/b5f2e76eea9c59da8464b6738538e2b9.jpg?ca=9&ce=1&s=1024x768
AC1108,https://pix8.agoda.net/hotelImages/245/2459421/2459421_17072802080054733988.jpg?ca=6&ce=1&s=1024x768
AC1109,https://pix8.agoda.net/hotelImages/4866328/0/639bc4ae387935a95867ea9957c9f243.jpg?ce=0&s=1024x768
AC1110,https://pix8.agoda.net/hotelImages/59749/-1/66d15e50e82ffb4074fda6ef6bf1d54b.jpg?ca=9&ce=1&s=1024x768
AC1111,https://pix8.agoda.net/hotelImages/9776886/-1/d42168b4f2a90b9cf4c51b60bd425d0f.jpg?ca=15&ce=1&s=1024x768
AC1112,https://pix8.agoda.net/hotelImages/34305026/0/231a07dad4a6016d69b1acdba28dcce8.jpg?ce=0&s=1024x768
AC1113,https://pix8.agoda.net/hotelImages/37787806/-1/32e2ed3bcb47c4058bbd9644b5f52f93.jpg?ce=0&s=1024x768
AC1114,https://pix8.agoda.net/hotelImages/21980467/0/6f0777970e979131f0006f0c605084c5.jpg?ce=0&s=1024x768
AC1115,https://pix8.agoda.net/hotelImages/2453006/-1/92b7aa6fe42a24539d2b7b957f61702f.jpg?ca=7&ce=1&s=1024x768
AC1116,https://pix8.agoda.net/hotelImages/2457424/-1/834df08f06f7cb4cc2a2fa9a5e2878d8.jpg?ce=0&s=1024x768
AC1117,https://pix8.agoda.net/hotelImages/32752227/-1/4fccb387f765a631da79f912bcc3b23b.jpg?ce=0&s=1024x768
AC1118,https://pix8.agoda.net/hotelImages/984/984482/984482_15072014020032606147.jpg?ca=4&ce=1&s=1024x768
AC1119,https://pix8.agoda.net/hotelImages/27915973/661447250/b5c224061ff32155e28c6381bcef107f.jpg?ce=0&s=1024x768
AC1120,https://pix8.agoda.net/hotelImages/26957183/-1/a5c0a3649818000802737210824efc94.jpg?ca=25&ce=0&s=1024x768
AC1121,https://pix8.agoda.net/hotelImages/119/1197844/1197844_16051108350042215464.jpg?ca=6&ce=1&s=1024x768
AC1122,https://pix8.agoda.net/hotelImages/111/1110489/1110489_15101314460036814869.jpg?ca=5&ce=1&s=1024x768
AC1123,https://pix8.agoda.net/hotelImages/929145/-1/0abd8524a0a94a0891f0ae7df7aebd9e.jpg?ca=9&ce=1&s=1024x768
AC1124,https://pix8.agoda.net/hotelImages/502808/-1/4a919417c3fd97d5df8d815cc2c15d42.jpg?ca=9&ce=1&s=1024x768
AC1125,https://pix8.agoda.net/hotelImages/411262/-1/deec774ca79fb08315ab610f1082575a.jpg?ca=9&ce=1&s=1024x768
AC1126,https://pix8.agoda.net/hotelImages/6950566/-1/e2dbd213dacfeb710931865558c5cd06.jpg?ca=8&ce=1&s=1024x768
AC1127,https://pix8.agoda.net/hotelImages/214639/0/9f6b1647f65044399ac90b7d0d738be1.jpg?ca=7&ce=1&s=1024x768
AC1128,https://pix8.agoda.net/hotelImages/6950509/-1/07ddf14f1f7c52b335a183348996e549.jpg?ca=8&ce=1&s=1024x768
AC1129,https://pix8.agoda.net/hotelImages/246/246040/246040_17052417280053203878.jpg?ca=6&ce=1&s=1024x768
AC1130,https://pix8.agoda.net/hotelImages/22627095/0/70e763e6c48164cc6bc6641f3d2ac5d9.jpg?ca=28&ce=0&s=1024x768
AC1131,https://pix8.agoda.net/hotelImages/94170/-1/91b979889b10d24743a092d766df4665.jpg?ca=7&ce=1&s=1024x768
AC1132,https://pix8.agoda.net/hotelImages/89388/-1/9568b06108daab7524790f7cd0c585e9.jpg?ca=9&ce=1&s=1024x768
AC1133,https://pix8.agoda.net/hotelImages/871173/-1/af568e937efbd87fa6679a791be22e90.jpg?ca=9&ce=1&s=1024x768
AC1134,https://pix8.agoda.net/hotelImages/468/46813/46813_16062901000044199131.jpg?ca=6&ce=1&s=1024x768
AC1135,https://pix8.agoda.net/hotelImages/6950046/-1/82e6173d2d375f42e94738e7f57b9be4.jpg?ca=9&ce=1&s=1024x768
AC1136,https://pix8.agoda.net/hotelImages/667/-1/f5965da172489fb6ac21192d3bc210f1.jpg?ca=20&ce=0&s=1024x768
AC1137,https://pix8.agoda.net/hotelImages/254/25451960/25451960_210623073800102819454.jpg?ca=20&ce=1&s=1024x768
AC1138,https://pix8.agoda.net/hotelImages/2178215/0/19c156a5f7427b42cac75333b78e50bf.jpg?ca=0&ce=1&s=1024x768
AC1139,https://pix8.agoda.net/hotelImages/770/7702/7702_15033010560026575885.jpg?ca=3&ce=1&s=1024x768
AC1140,https://pix8.agoda.net/hotelImages/933/93358/93358_1112221647005323060.jpg?ca=0&ce=1&s=1024x768
AC1141,https://pix8.agoda.net/hotelImages/7543010/0/8de8e516c3cabfc7a6a01020ad40bc1b.jpg?ce=0&s=1024x768
AC1142,https://pix8.agoda.net/hotelImages/4891853/0/6e689deefb5ebeab90c79abfe341caef.jpg?ca=22&ce=0&s=1024x768
AC1143,https://pix8.agoda.net/hotelImages/864214/0/bdcc7c45582b78b9d2ed48c4b3fc8b47.jpg?ca=7&ce=1&s=1024x768
AC1144,https://pix8.agoda.net/hotelImages/64360/-1/358328dc2012e9c724d44cc1a636de72.jpg?ca=9&ce=1&s=1024x768
AC1145,https://pix8.agoda.net/hotelImages/264/2647170/2647170_17082505480055704538.jpg?ca=6&ce=1&s=1024x768
AC1146,https://pix8.agoda.net/hotelImages/32612876/0/31e552d1664ea523525148de5e0a1fdf.jpg?ce=0&s=1024x768
AC1147,https://pix8.agoda.net/hotelImages/672/6727404/6727404_19022310260072472830.jpg?ca=7&ce=1&s=1024x768
AC1148,https://pix8.agoda.net/hotelImages/29830924/0/eaf1ce89c21b8b841325250f2dd17844.jpg?ce=0&s=1024x768
AC1149,https://pix8.agoda.net/hotelImages/6562055/0/27f55879959dfdfcb27568f2dd8ad94c.jpg?ca=23&ce=0&s=1024x768
AC1150,https://pix8.agoda.net/hotelImages/147/147301/147301_14100900540022639005.jpg?ca=3&ce=1&s=1024x768
AC1151,https://pix8.agoda.net/hotelImages/340/340841/340841_1209170952007576364.jpg?ca=0&ce=1&s=1024x768
AC1152,https://pix8.agoda.net/hotelImages/170/1706808/1706808_17070415500054241850.jpg?ca=6&ce=1&s=1024x768
AC1153,https://pix8.agoda.net/hotelImages/93799/-1/810d0013bab1f6c2230370a904b6246c.jpg?ca=7&ce=1&s=1024x768
AC1154,https://pix8.agoda.net/hotelImages/934/9345/9345_13061804030013332446.jpg?ca=0&ce=1&s=1024x768
AC1155,https://pix8.agoda.net/hotelImages/2464783/0/5662b545bbeb442e91c1653c159f4f44.jpg?ca=7&ce=1&s=1024x768
AC1156,https://pix8.agoda.net/hotelImages/147263/-1/588b59be3744942c1b40393fab9b43c5.jpg?ca=0&ce=1&s=1024x768
AC1157,https://pix8.agoda.net/hotelImages/756/75661/75661_16052403050042649088.jpg?ca=6&ce=1&s=1024x768
AC1158,https://pix8.agoda.net/hotelImages/147262/-1/0759076cb798e7397b5f8daf7272cf97.jpg?ce=0&s=1024x768
AC1159,https://pix8.agoda.net/hotelImages/5105014/0/d6757eaab1a99b71af039a619e4e7ae5.jpg?ce=0&s=1024x768
AC1160,https://pix8.agoda.net/hotelImages/2968/-1/55403c34e5cf8a480ff93f28d07ce82b.jpg?ca=7&ce=1&s=1024x768
AC1161,https://pix8.agoda.net/hotelImages/9316/-1/a9bac9d2c70b6358bfaaf91a650ecbbb.jpg?ca=7&ce=1&s=1024x768
AC1162,https://pix8.agoda.net/hotelImages/5143/-1/3595c246b5ed1a0d2e4d63335dbbb92d.jpg?ca=11&ce=1&s=1024x768
AC1163,https://pix8.agoda.net/hotelImages/5446890/0/0fdfecfe261b09872ac8dfc48f48b165.jpg?ca=20&ce=1&s=1024x768
AC1164,https://pix8.agoda.net/hotelImages/7960343/-1/b78b1c30653fb91049bb0da5e99b107a.jpg?ca=9&ce=1&s=1024x768
AC1165,https://pix8.agoda.net/hotelImages/536/536028/536028_16070718510044498723.jpg?ca=6&ce=1&s=1024x768
AC1166,https://pix8.agoda.net/hotelImages/9948508/-1/8909d4caa9c9e7eefc79701faf58391c.jpg?ca=13&ce=1&s=1024x768
AC1167,https://pix8.agoda.net/hotelImages/6417759/-1/4d4e3b0dc9f4cbb4516c8ff95600119d.jpg?ca=13&ce=1&s=1024x768
AC1168,https://pix8.agoda.net/hotelImages/6383548/-1/e6fdc3378721cafdcbfc4941dd01f63f.jpg?ca=8&ce=1&s=1024x768
AC1169,https://pix8.agoda.net/hotelImages/9065847/-1/eccaccd04387e5001977e0a4354ad856.jpg?ca=9&ce=1&s=1024x768
AC1170,https://pix8.agoda.net/hotelImages/860856/-1/4018291a03fe2656dc4d99aa7ea7eb52.jpg?ca=10&ce=1&s=1024x768
AC1171,https://pix8.agoda.net/hotelImages/5251245/-1/323652f492b2c0c6c5db08f0386502cb.jpg?ca=9&ce=1&s=1024x768
AC1172,https://pix8.agoda.net/hotelImages/2304530/-1/cd16f8c6d760f24eda7560d45c64a3e6.jpg?ca=7&ce=1&s=1024x768
AC1173,https://pix8.agoda.net/hotelImages/110/1109896/1109896_17060917150053578243.jpg?ca=6&ce=1&s=1024x768
AC1174,https://pix8.agoda.net/hotelImages/623457/-1/8e0b1aa70deee6ee29fa6a07e6214ed6.jpg?ca=7&ce=1&s=1024x768
AC1175,https://pix8.agoda.net/hotelImages/10889375/-1/f3533beaa3daa36da5b5896c7f182060.jpg?ca=19&ce=1&s=1024x768
AC1176,https://pix8.agoda.net/hotelImages/665/665876/665876_17030816190051430854.jpg?ca=6&ce=1&s=1024x768
AC1177,https://pix8.agoda.net/hotelImages/920/920712/920712_17091313360056291243.jpg?ca=6&ce=1&s=1024x768
AC1178,https://pix8.agoda.net/hotelImages/161/1618023/1618023_16103114350048285655.jpg?ca=6&ce=1&s=1024x768
AC1179,https://pix8.agoda.net/hotelImages/928/928899/928899_15073005020033308880.jpg?ca=5&ce=1&s=1024x768
AC1180,https://pix8.agoda.net/hotelImages/109/10954346/10954346_19112817490084634444.jpg?ca=9&ce=1&s=1024x768
AC1181,https://pix8.agoda.net/hotelImages/535/535885/535885_16062217200043975614.jpg?ca=6&ce=1&s=1024x768
AC1182,https://pix8.agoda.net/hotelImages/9792631/-1/f69c3f3143e251f64c43e3a6d4e704f9.jpg?ca=9&ce=1&s=1024x768
AC1183,https://pix8.agoda.net/hotelImages/134/13439749/13439749_20030915570089234218.jpg?ca=10&ce=1&s=1024x768
AC1184,https://pix8.agoda.net/hotelImages/782677/-1/51c2f6eabc20aaa0bf16f8577837f4e0.jpg?ca=7&ce=1&s=1024x768
AC1185,https://pix8.agoda.net/hotelImages/338/338773/338773_16100417450047364128.jpg?ca=6&ce=1&s=1024x768
AC1186,https://pix8.agoda.net/hotelImages/3358674/-1/b00423c552751a4b96c6e303de89b4c8.jpg?ca=7&ce=1&s=1024x768
AC1187,https://pix8.agoda.net/hotelImages/983/983461/983461_15070713330031795488.jpg?ca=4&ce=1&s=1024x768
AC1188,https://pix8.agoda.net/hotelImages/1135125/-1/d09fa5672e1a825c8a2fe840f66a20da.jpg?ca=8&ce=1&s=1024x768
AC1189,https://pix8.agoda.net/hotelImages/625/625769/625769_14051815150019465942.jpg?ca=2&ce=1&s=1024x768
AC1189,https://pix8.agoda.net/hotelImages/625/625769/625769_14051815150019465942.jpg?ca=2&ce=1&s=1024x768
AC1190,https://pix8.agoda.net/hotelImages/520/52033/52033_17090519050056008927.jpg?ca=6&ce=1&s=1024x768
AC1191,https://pix8.agoda.net/hotelImages/1060003/-1/d2b5f76367f8b18cf42865925c89a40d.jpg?ca=9&ce=1&s=1024x768
AC1192,https://pix8.agoda.net/hotelImages/65492/-1/f1e10f7e7e8022b80e3bab5ba1060945.png?ca=13&ce=1&s=1024x768
AC1193,https://pix8.agoda.net/hotelImages/65491/-1/ea050ae3fa3547482a6b5047af09e2fb.png?ca=13&ce=1&s=1024x768
AC1194,https://pix8.agoda.net/hotelImages/289633/-1/122c12f2f89de549751efc16c013392b.png?ce=0&s=1024x768
AC1195,https://pix8.agoda.net/hotelImages/149/149067/149067_15100217140036611644.jpg?ca=5&ce=1&s=1024x768
AC1196,https://pix8.agoda.net/hotelImages/136/1366287/1366287_17030108450051306361.jpg?ca=6&ce=1&s=1024x768
AC1197,https://pix8.agoda.net/hotelImages/13571664/-1/1f5534ab6fe32247daeb7a1775b309e5.png?ce=0&s=1024x768
AC1198,https://pix8.agoda.net/hotelImages/902/-1/b000756c7f833dc7b4a903c1669772f3.png?ce=0&s=1024x768
AC1199,https://pix8.agoda.net/hotelImages/2846346/-1/067ab8484dac4a6a71acb058e639c95c.jpg?ca=7&ce=1&s=1024x768
AC1200,https://pix8.agoda.net/hotelImages/290/290202/290202_14021316130018333279.jpg?ca=2&ce=1&s=1024x768
AC1201,https://pix8.agoda.net/hotelImages/31317134/-1/37cef7c3446d1b826bfc209cac76e648.jpg?ce=0&s=1024x768
AC1202,https://pix8.agoda.net/hotelImages/247355/-1/568ee683a7acfdc541d1296e997ae565.png?ce=0&s=1024x768
AC1203,https://pix8.agoda.net/hotelImages/43397/-1/dd6e2849c7b5bbb377ece0e5ca53d776.jpg?ce=0&s=1024x768
AC1204,https://pix8.agoda.net/hotelImages/10960/-1/44c8e0ea29c9a0f3e1fedc0d4403120e.jpg?ce=0&s=1024x768
AC1205,https://pix8.agoda.net/hotelImages/5060902/-1/109ef3b00098ba2cc0d7598d92566c8e.jpg?ce=0&s=1024x768
AC1206,https://pix8.agoda.net/hotelImages/11132420/-1/ba2078113e72c1c4fe74c781029a97a4.jpg?ca=9&ce=1&s=1024x768
AC1207,https://pix8.agoda.net/hotelImages/36144486/-1/68e8f6dc1deac0bc942ea0ef1a40548b.jpg?ce=0&s=1024x768
AC1208,https://pix8.agoda.net/hotelImages/546692/-1/e2b3d6c060872d5300cdeba376dbe770.jpg?ce=0&s=1024x768
AC1209,https://pix8.agoda.net/hotelImages/4893472/0/02b01c3e111e5f3334a16cfd6d92dbae.jpg?ca=23&ce=0&s=1024x768
AC1210,https://pix8.agoda.net/hotelImages/38592395/-1/a0cc3ef637da5fdd6b8792f1fd4ffb2c.jpg?ce=0&s=1024x768
AC1211,https://pix8.agoda.net/hotelImages/9372544/-1/4081c7a0ef8b8302c27c6f1dbdf176c6.jpg?ce=0&s=1024x768
AC1212,https://pix8.agoda.net/hotelImages/8825326/-1/a9f1790a1bdafc93b0469f277b62feac.jpg?ce=0&s=1024x768
AC1213,https://pix8.agoda.net/hotelImages/968594/-1/45b48e0dba2247657b422f9edab702b5.jpg?ce=0&s=1024x768
AC1214,https://pix8.agoda.net/hotelImages/2911802/-1/a26f9aea576bffe073d938506a7e0fa2.jpg?ce=0&s=1024x768
AC1215,https://pix8.agoda.net/hotelImages/31330595/-1/0301e53d79e880f70448c3d79d6f5edd.jpg?ce=0&s=1024x768
AC1216,https://pix8.agoda.net/hotelImages/7243073/-1/2c23bff22987ee68884d4f4996df672a.png?ca=9&ce=1&s=1024x768
AC1217,https://pix8.agoda.net/hotelImages/4842622/-1/1586d0e4cdae2a0d2d602fd512a5ea5c.png?ce=0&s=1024x768
AC1218,https://pix8.agoda.net/hotelImages/3505174/0/a840cd7786160c1b533e6d7a891c809d.jpg?ca=12&ce=1&s=1024x768
AC1219,https://pix8.agoda.net/hotelImages/20098765/-1/77184e52b8d70a32310f5b235d96afdc.jpg?ce=0&s=1024x768
AC1220,https://pix8.agoda.net/hotelImages/568032/-1/0d0937d8cf6c75bcb236c4a9fc2b66b6.jpg?ca=9&ce=1&s=1024x768
AC1221,https://pix8.agoda.net/hotelImages/6812114/-1/c06d1f8a6d348f409ea6872696a6343f.jpg?ca=9&ce=1&s=1024x768
AC1222,https://pix8.agoda.net/hotelImages/785/785641/785641_15072118290032724298.jpg?ca=4&ce=1&s=1024x768
AC1223,https://pix8.agoda.net/hotelImages/2418/-1/7aaa1b0e0c0b69ef91058134c0f01ab4.jpg?ca=16&ce=1&s=1024x768
AC1224,https://pix8.agoda.net/hotelImages/407699/-1/0bc9d9925b7e2e0c64aeaaf05c861da2.jpg?ca=9&ce=1&s=1024x768
AC1225,https://pix8.agoda.net/hotelImages/112/11286/11286_15010714290024334990.jpg?ca=3&ce=1&s=1024x768
AC1226,https://pix8.agoda.net/hotelImages/7172860/0/0593ffcc2c3d26b577cae811eae3928d.jpg?ca=23&ce=0&s=1024x768
AC1227,https://pix8.agoda.net/hotelImages/936/936528/936528_15071020580032080692.jpg?ca=4&ce=1&s=1024x768
AC1228,https://pix8.agoda.net/hotelImages/4848400/-1/7c6f772544c04b58ce9e72bbced9214b.jpg?ca=7&ce=1&s=1024x768
AC1229,https://pix8.agoda.net/hotelImages/544802/-1/77e08e962b7317aca1bd8f2dbe6c16b0.jpg?ca=9&ce=1&s=1024x768
AC1230,https://pix8.agoda.net/hotelImages/181/181083/181083_14041622100019102614.jpg?ca=2&ce=1&s=1024x768
AC1231,https://pix8.agoda.net/hotelImages/6758895/530225691/0f8f76d3dc54a638528d6c6bbb2273d7.jpg?ce=0&s=1024x768
AC1232,https://pix8.agoda.net/hotelImages/833/833038/833038_16072020090044806120.png?ca=6&ce=1&s=1024x768
AC1233,https://pix8.agoda.net/hotelImages/32612115/0/75d65e01802d5ca560b53a088a1de590.jpg?ce=0&s=1024x768
AC1234,https://pix8.agoda.net/hotelImages/1061876/-1/c39719d464118478c7ba0c12a82fc0f4.png?ca=7&ce=1&s=1024x768
AC1235,https://pix8.agoda.net/hotelImages/569/569355/569355_16110419370048451879.jpg?ca=6&ce=1&s=1024x768
AC1236,https://pix8.agoda.net/hotelImages/4009/0/1c9f0fa20db792901a2157bd1092392c.jpg?ca=0&ce=1&s=1024x768
AC1237,https://pix8.agoda.net/hotelImages/4865726/0/568e3f74cccd635804fbd8eb58e05977.jpeg?ce=0&s=1024x768
AC1238,https://pix8.agoda.net/hotelImages/18874500/0/0a973a4ddc52d8c1eb64c7c881bd33f9.jpg?ce=0&s=1024x768
AC1239,https://q-xx.bstatic.com/xdata/images/hotel/max1024x768/84574753.jpg?k=b5ac5138581584a00260a4c4cd2c0b70e677d12ceab8a2da297362d5c1667ae4&o=
AC1240,https://pix8.agoda.net/hotelImages/4860788/0/5728a1b65a1156171d4f26462f4b1f89.jpg?ca=9&ce=1&s=1024x768
AC1241,https://pix8.agoda.net/hotelImages/32844178/-1/f23f8fc8f108087bc536d1169a481862.jpg?ce=0&s=1024x768
AC1242,https://pix8.agoda.net/hotelImages/10256764/-1/6c48c9211b318ff6deddf666e1159886.jpg?ca=27&ce=0&s=1024x768
AC1243,https://pix8.agoda.net/hotelImages/30577462/-1/70e7e4a50deb09c98cad74af0ead4dc5.jpg?ca=27&ce=0&s=1024x768
AC1244,https://pix8.agoda.net/hotelImages/438/4387270/4387270_18013019500061409111.jpg?ca=6&ce=1&s=1024x768
AC1245,https://pix8.agoda.net/hotelImages/22338335/0/e43d0a0688d02e6a945d42f055f9dbdb.jpg?ca=20&ce=0&s=1024x768
AC1246,https://pix8.agoda.net/hotelImages/45899092/-1/6631f4f474ae80b653fa232dc78bed6b.jpg?ce=0&s=1024x768
AC1247,https://pix8.agoda.net/hotelImages/701/70160/70160_14060219330019671281.jpg?ca=2&ce=1&s=1024x768
AC1248,https://q-xx.bstatic.com/xdata/images/hotel/max1024x768/493490550.jpg?k=0fe47529b9b469e56e35165900e9e0c747d3f079bbddfe1077e58b14bf537410&o=
AC1249,https://pix8.agoda.net/hotelImages/251/251075/251075_1112170648005200238.jpg?ca=0&ce=1&s=1024x768
AC1250,https://pix8.agoda.net/hotelImages/5077125/0/1156cbf425631cf9a203c806bcd332c1.jpg?ca=23&ce=0&s=1024x768
AC1251,https://pix8.agoda.net/hotelImages/452/452915/452915_13051205390012226852.jpg?ca=0&ce=1&s=1024x768
AC1252,https://pix8.agoda.net/hotelImages/467/467767/467767_14082601070021566600.jpg?ca=2&ce=1&s=1024x768
AC1253,https://pix8.agoda.net/hotelImages/28272761/-1/27aa5a1f208b72cf3a7e003c7d2c852a.jpg?ce=0&s=1024x768
AC1254,https://pix8.agoda.net/hotelImages/454/454546/454546_13051217220012260949.jpg?ca=0&ce=1&s=1024x768s
AC1255,https://pix8.agoda.net/hotelImages/34294857/0/645a386f7150ffe39eca76a15cbccf3c.jpg?ce=0&s=1024x768
AC1256,https://pix8.agoda.net/hotelImages/7904/0/dc995f33b4f0d7fb762d0a0116552c8d.jpg?ca=7&ce=1&s=1024x768
AC1257,https://pix8.agoda.net/hotelImages/843/84360/84360_16091313440046391246.jpg?ca=6&ce=1&s=1024x768
AC1258,https://pix8.agoda.net/hotelImages/395/395961/395961_1212231445009868374.jpg?ca=0&ce=1&s=1024x768
AC1259,https://pix8.agoda.net/hotelImages/59342/-1/f915afa766e5db52fa2fd5ffddc23893.jpg?ca=12&ce=1&s=1024x768
AC1260,https://q-xx.bstatic.com/xdata/images/hotel/max1024x768/456027367.jpg?k=5ad51f31213f33ca070fd56b952524c2507667c4d1ef5b58e6f91be6b0a6d99c&o=
AC1261,https://pix8.agoda.net/hotelImages/734/73444/73444_1003101949002927664.jpg?ca=0&ce=1&s=1024x768
AC1262,https://pix8.agoda.net/hotelImages/511/51156/51156_14022721400018499886.jpg?ca=2&ce=1&s=1024x768
AC1263,https://pix8.agoda.net/hotelImages/37809278/0/688c4216c8aeb9a2d36e41a8bf8cb6b3.jpg?ce=0&s=1024x768
AC1264,https://pix8.agoda.net/hotelImages/325/325244/325244_14022416340018440140.jpg?ca=2&ce=1&s=1024x768
AC1265,https://pix8.agoda.net/hotelImages/104/104363/104363_13051616560012475319.jpg?ca=0&ce=1&s=1024x768
AC1266,https://pix8.agoda.net/hotelImages/219/2191700/2191700_17051612000053011036.jpg?ca=6&ce=1&s=1024x768
AC1267,https://pix8.agoda.net/hotelImages/13481308/0/4f1d911e8f9234068738c6503d00c5e1.jpg?ca=20&ce=0&s=1024x768
AC1268,https://pix8.agoda.net/hotelImages/39895273/0/484ae8b6008975a522c3e18b449d39f3.jpeg?ce=0&s=1024x768
AC1269,https://pix8.agoda.net/hotelImages/10265041/-1/d597edeef24d31e471e1466b87e0c36b.jpg?ca=17&ce=1&s=1024x768
AC1270,https://pix8.agoda.net/hotelImages/129482/-1/52d4e1ff23b97aa6451256feeab7491c.jpg?ca=6&ce=1&s=1024x768
AC1270,https://pix8.agoda.net/hotelImages/129482/-1/52d4e1ff23b97aa6451256feeab7491c.jpg?ca=6&ce=1&s=1024x768
AC1273,https://pix8.agoda.net/hotelImages/129482/-1/52d4e1ff23b97aa6451256feeab7491c.jpg?ca=6&ce=1&s=1024x768
AC1273,https://pix8.agoda.net/hotelImages/129482/-1/52d4e1ff23b97aa6451256feeab7491c.jpg?ca=6&ce=1&s=1024x768
AC1271,https://pix8.agoda.net/hotelImages/182/182812/182812_14100819300022636391.jpg?ca=3&ce=1&s=1024x768
AC1271,https://pix8.agoda.net/hotelImages/229723/-1/d03ee5fc69047f327eac703b92eb25d8.jpg?ca=0&ce=1&s=1024x768
AC1271,https://pix8.agoda.net/hotelImages/229723/-1/d03ee5fc69047f327eac703b92eb25d8.jpg?ca=0&ce=1&s=1024x768
AC1271,https://pix8.agoda.net/hotelImages/182/182812/182812_14100819300022636391.jpg?ca=3&ce=1&s=1024x768
AC1274,https://pix8.agoda.net/hotelImages/182/182812/182812_14100819300022636391.jpg?ca=3&ce=1&s=1024x768
AC1274,https://pix8.agoda.net/hotelImages/229723/-1/d03ee5fc69047f327eac703b92eb25d8.jpg?ca=0&ce=1&s=1024x768
AC1274,https://pix8.agoda.net/hotelImages/229723/-1/d03ee5fc69047f327eac703b92eb25d8.jpg?ca=0&ce=1&s=1024x768
AC1274,https://pix8.agoda.net/hotelImages/182/182812/182812_14100819300022636391.jpg?ca=3&ce=1&s=1024x768
AC1272,https://pix8.agoda.net/hotelImages/593/59350/59350_1112210655005269345.jpg?ca=0&ce=1&s=1024x768
AC1272,https://pix8.agoda.net/hotelImages/593/59350/59350_1112210655005269345.jpg?ca=0&ce=1&s=1024x768
AC1275,https://pix8.agoda.net/hotelImages/593/59350/59350_1112210655005269345.jpg?ca=0&ce=1&s=1024x768
AC1275,https://pix8.agoda.net/hotelImages/593/59350/59350_1112210655005269345.jpg?ca=0&ce=1&s=1024x768
AC1276,https://pix8.agoda.net/hotelImages/4887179/0/b0174ac0f9f1049faea124604c4fb705.jpg?ca=23&ce=0&s=1024x768
AC1277,https://pix8.agoda.net/hotelImages/428/428283/428283_19051608520074528940.jpg?ca=8&ce=1&s=1024x768
AC1278,https://pix8.agoda.net/hotelImages/148922/-1/6a5b540bf9e11340d0bf64cd05aa8d27.jpg?ca=9&ce=1&s=1024x768
AC1279,https://pix8.agoda.net/hotelImages/77103/-1/99296d70f4f535d48552929ca64c836c.jpg?ca=9&ce=1&s=1024x768
AC1280,https://pix8.agoda.net/hotelImages/35925923/0/2725ff203ff2894ed64ef4dab4eee47f.jpg?ce=0&s=1024x768
AC1281,https://pix8.agoda.net/hotelImages/824037/-1/a38fe1da19759a8d8ce6f07be2cb4c75.jpg?ce=0&s=1024x768
AC1282,https://pix8.agoda.net/hotelImages/161/1618272/1618272_17030300310051346471.jpg?ca=6&ce=1&s=1024x768
AC1283,https://pix8.agoda.net/hotelImages/230/23011341/23011341_21031918040095621308.jpg?ca=17&ce=1&s=1024x768
AC1284,https://pix8.agoda.net/hotelImages/430/43036/43036_15062914440031168134.jpg?ca=4&ce=1&s=1024x768
AC1285,https://pix8.agoda.net/hotelImages/6724302/-1/ee437bceb4fe8ae79b4277dcc65b6859.jpg?ca=9&ce=1&s=1024x768
AC1286,https://pix8.agoda.net/hotelImages/4642/0/84c019f1a8fb868ff15002659b52c286.jpg?ca=7&ce=1&s=1024x768
AC1287,https://pix8.agoda.net/hotelImages/343634/-1/0095d472c737c93606af6bc6815f7d71.jpg?ca=20&ce=0&s=1024x768
AC1288,https://pix8.agoda.net/hotelImages/712/7127251/7127251_19042518090074040880.jpg?ca=8&ce=1&s=1024x768
AC1289,https://pix8.agoda.net/hotelImages/115/11560/11560_16090219240046065895.jpg?ca=6&ce=1&s=1024x768
AC1290,https://pix8.agoda.net/hotelImages/9456730/0/28511513be288a22bb5c5ce81808474f.jpg?ce=0&s=1024x768
AC1291,https://pix8.agoda.net/hotelImages/4866019/0/40b3ed00bdc94d3dde853139848b1f12.jpg?ce=0&s=1024x768
AC1292,https://pix8.agoda.net/hotelImages/425/42547/42547_15062418410030708962.jpg?ca=4&ce=1&s=1024x768
AC1293,https://pix8.agoda.net/hotelImages/748/74809/74809_18022015100062158161.jpg?ca=6&ce=1&s=1024x768
AC1294,https://pix8.agoda.net/hotelImages/91245/-1/c1bee8bad7db0f99db68f8f8b0cc08e3.jpg?ca=9&ce=1&s=1024x768
AC1295,https://pix8.agoda.net/hotelImages/460480/-1/cc978f6520dba3d59ae86e26817eaaa4.jpg?ca=9&ce=1&s=1024x768
AC1296,https://pix8.agoda.net/hotelImages/89788/-1/9a6e6d913c8cb464aa2eb95cc6efe9a0.jpg?ca=10&ce=1&s=1024x768
AC1297,https://pix8.agoda.net/hotelImages/21610201/0/8ecf424f247f5cf577c90e8a031a5faf.jpg?ca=17&ce=1&s=1024x768
AC1298,https://pix8.agoda.net/hotelImages/294375/0/0b50081917d95916444d5f0da55cab7e.jpg?ca=0&ce=1&s=1024x768
AC1299,https://pix8.agoda.net/hotelImages/12665289/0/7ccadec5b917abba91d26dec93907362.jpg?ca=10&ce=1&s=1024x768
AC1300,https://pix8.agoda.net/hotelImages/684/6841190/6841190_19030722360072808196.jpg?ca=8&ce=1&s=1024x768
AC1301,https://pix8.agoda.net/hotelImages/9456973/0/1da9836a540dff93f1e654724a103f25.jpg?ca=28&ce=0&s=1024x768
AC1302,https://pix8.agoda.net/hotelImages/6769985/0/35fdeb397e7a8b832c0808b1fa32adb8.jpg?ca=9&ce=1&s=1024x768
AC1303,https://pix8.agoda.net/hotelImages/6724157/-1/4bda3cf2041ce332db654ebe4bc8a6cf.png?ca=15&ce=1&s=1024x768
AC1304,https://pix8.agoda.net/hotelImages/30983100/-1/199cf35953d8377a29d5f55afe7dfd4a.jpg?ce=0&s=1024x768
AC1305,https://pix8.agoda.net/hotelImages/42802/-1/7a6900b33f14fd699aca8552e33ce585.jpg?ce=0&s=1024x768
AC1306,https://pix8.agoda.net/hotelImages/6535323/0/885944253549c977cb135cd8f4266497.jpg?ce=0&s=1024x768
AC1307,https://pix8.agoda.net/hotelImages/16403544/-1/ebf42f10b7e63c9c8d588ab145b62c9a.jpg?ca=15&ce=1&s=1024x768
AC1308,https://pix8.agoda.net/hotelImages/134/13429503/13429503_20030520060088950216.jpg?ca=10&ce=1&s=1024x768
AC1309,https://pix8.agoda.net/hotelImages/34390657/0/099b2e7dc4a9a9b41d46a48ea7a6ff84.jpg?ce=0&s=1024x768
AC1310,https://pix8.agoda.net/hotelImages/396/396356/396356_15071611550032427306.jpg?ca=4&ce=1&s=1024x768
AC1311,https://pix8.agoda.net/hotelImages/37236103/-1/f13088a701d87b5fe07fdbae100e93a5.png?ce=0&s=1024x768
AC1312,https://pix8.agoda.net/hotelImages/1125/-1/5a0d9a5ed589e663d178d8bb50c77a7d.jpg?ca=7&ce=1&s=1024x768
AC1313,https://pix8.agoda.net/hotelImages/27825415/0/79e29200a0569f67a220fb8de98156fc.jpg?ca=21&ce=0&s=1024x768
AC1314,https://pix8.agoda.net/hotelImages/5902712/-1/ed8292396278800cc47dd49e820ee797.jpg?ca=8&ce=1&s=1024x768
AC1315,https://pix8.agoda.net/hotelImages/39567164/-1/62fa40e3c6d98a7b33105a169d33c8fe.jpg?ce=0&s=1024x768
AC1316,https://pix8.agoda.net/hotelImages/21979575/0/1c8327ce7bfa476252e0fbc82acee948.jpg?ce=0&s=1024x768
AC1317,https://pix8.agoda.net/hotelImages/6881073/-1/2d444f13dba8042bfb2df7a3037e0f3c.jpg?ca=13&ce=1&s=1024x768
AC1318,https://pix8.agoda.net/hotelImages/7914/-1/16a7fce00e27e9035aee72d8872e441f.jpg?ca=23&ce=0&s=1024x768
AC1319,https://pix8.agoda.net/hotelImages/5260151/0/ceb54ebe4373ac987e6fbcaa5d5d7a2b.jpeg?ce=0&s=1024x768
AC1320,https://pix8.agoda.net/hotelImages/4880782/0/1d3daaf7da6d926773789b2bcc730c9b.jpg?ca=28&ce=0&s=1024x768
AC1321,https://pix8.agoda.net/hotelImages/9455095/0/01113098928ecdbbe294a2299818ecbc.jpg?ca=9&ce=1&s=1024x768
AC1322,https://pix8.agoda.net/hotelImages/6889546/93437995/8410bb9654628ae9b0d0a4dc55597f0f.jpg?ca=10&ce=1&s=1024x768
AC1323,https://pix8.agoda.net/hotelImages/245/245873/245873_15011810150024667268.jpg?ca=3&ce=1&s=1024x768
AC1324,https://pix8.agoda.net/hotelImages/571/5714667/5714667_18082113200067569209.jpg?ca=0&ce=1&s=1024x768
AC1325,https://pix8.agoda.net/hotelImages/666044/-1/810c22e7e2dbf1308363c517a46f89d3.png?ca=17&ce=1&s=1024x768
AC1326,https://pix8.agoda.net/hotelImages/32612594/0/87fce1b3fed8f9ef0890b7a4851bbc51.jpg?ce=0&s=1024x768
AC1327,https://pix8.agoda.net/hotelImages/147891/-1/7af3b030c04f04b78bbf007b5801ef60.jpg?ca=10&ce=1&s=1024x768
AC1328,https://pix8.agoda.net/hotelImages/336745/-1/7da0f30726e69f04b82c38a9d1bca389.jpg?ca=0&ce=1&s=1024x768
AC1329,https://pix8.agoda.net/hotelImages/2290733/0/1557583e1650c926f68f61913b7d1f72.jpg?ca=9&ce=1&s=1024x768
AC1330,https://pix8.agoda.net/hotelImages/8707173/-1/249e4814a1512ccaedf53b62ac6a347c.jpg?ce=0&s=1024x768
AC1331,https://pix8.agoda.net/hotelImages/158/1589721/1589721_17082415040055684645.jpg?ca=6&ce=1&s=1024x768
AC1332,https://pix8.agoda.net/hotelImages/1161079/-1/f9f7645a855cb3bd4810c0669f6ee3fe.jpg?ca=10&ce=1&s=1024x768
AC1333,https://pix8.agoda.net/hotelImages/38049184/0/8a4f73719d893ab9a20e1f5525404c62.jpg?ce=0&s=1024x768
AC1334,https://pix8.agoda.net/hotelImages/30161770/0/402d868ba9078a72cb972234d397d203.jpg?ce=0&s=1024x768
AC1335,https://pix8.agoda.net/hotelImages/7457335/0/8305557b68b18c78cd200e90984183a3.jpg?ca=23&ce=0&s=1024x768
AC1336,https://pix8.agoda.net/hotelImages/14439261/-1/80f976091573806ef2bb3ee4c124a244.jpg?ca=15&ce=1&s=1024x768
AC1337,https://pix8.agoda.net/hotelImages/124/12433720/12433720_20020407380087759728.jpg?ca=10&ce=1&s=1024x768
AC1338,https://pix8.agoda.net/hotelImages/493/4936793/4936793_19090411290080451407.jpg?ca=13&ce=1&s=1024x768
AC1339,https://pix8.agoda.net/hotelImages/2290658/0/43a35233c875732c3f47c378f5ca0f2a.jpg?ce=0&s=1024x768
AC1340,https://pix8.agoda.net/hotelImages/3284/-1/4735c885d37244cf374867296ca47325.jpg?ca=27&ce=0&s=1024x768
AC1341,https://pix8.agoda.net/hotelImages/77462/-1/447b8fd009fd056f2a8ff14227963e97.jpg?ca=6&ce=1&s=1024x768
AC1342,https://pix8.agoda.net/hotelImages/8523858/-1/b8d16d2fb7c73d0bb85f1bc6c58194bb.jpg?ca=10&ce=1&s=1024x768
AC1343,https://pix8.agoda.net/hotelImages/11681/-1/a8d900161ff5564e2ec2661d46c322ee.png?ce=0&s=1024x768
AC1344,https://q-xx.bstatic.com/xdata/images/hotel/max1024x768/278471745.jpg?k=baa9280d1d53419c904fe54e75ebd1a4a127d1d6c41865cdfe4630e4af2571d1&o=
AC1345,https://pix8.agoda.net/hotelImages/336/3365573/3365573_17111701190059520124.jpg?ca=6&ce=1&s=1024x768
AC1346,https://pix8.agoda.net/hotelImages/109/109709/109709_15061110470029240356.jpg?ca=4&ce=1&s=1024x768
AC1347,https://pix8.agoda.net/hotelImages/37262635/-1/ffbd059153119d44386f5b38ff3bd694.jpg?ce=0&s=1024x768
AC1348,https://pix8.agoda.net/hotelImages/405/4052/4052_15052917290028047972.jpg?ca=4&ce=1&s=1024x768
AC1349,https://pix8.agoda.net/hotelImages/4093416/-1/002555d0b90780f36e1a3440da6184ab.jpg?ca=0&ce=1&s=1024x768
AC1350,https://pix8.agoda.net/hotelImages/16467924/0/d4a891a438b04bd1bff142cd1850c749.jpg?ca=25&ce=0&s=1024x768
AC1351,https://pix8.agoda.net/hotelImages/917/91737/91737_15082619430035139651.jpg?ca=5&ce=1&s=1024x768
AC1352,https://pix8.agoda.net/hotelImages/32699980/0/228445c7f6573e145a9c87c37387c714.jpg?ce=0&s=1024x768
AC1352,https://pix8.agoda.net/hotelImages/840/-1/74dc0975d52c400c410e4a333511017d.jpg?ca=9&ce=1&s=1024x768
AC1353,https://pix8.agoda.net/hotelImages/32699980/0/228445c7f6573e145a9c87c37387c714.jpg?ce=0&s=1024x768
AC1353,https://pix8.agoda.net/hotelImages/840/-1/74dc0975d52c400c410e4a333511017d.jpg?ca=9&ce=1&s=1024x768
AC1356,https://pix8.agoda.net/hotelImages/32699980/0/228445c7f6573e145a9c87c37387c714.jpg?ce=0&s=1024x768
AC1356,https://pix8.agoda.net/hotelImages/840/-1/74dc0975d52c400c410e4a333511017d.jpg?ca=9&ce=1&s=1024x768
AC1357,https://pix8.agoda.net/hotelImages/32699980/0/228445c7f6573e145a9c87c37387c714.jpg?ce=0&s=1024x768
AC1357,https://pix8.agoda.net/hotelImages/840/-1/74dc0975d52c400c410e4a333511017d.jpg?ca=9&ce=1&s=1024x768
AC1354,https://pix8.agoda.net/hotelImages/5835918/-1/76480ef1c2fa89bb02009445dfda3e23.jpg?ca=9&ce=1&s=1024x768
AC1355,https://pix8.agoda.net/hotelImages/32860654/0/2d5a18355a4894b1578a18ad8cff937a.jpg?ce=0&s=1024x768
AC1358,https://pix8.agoda.net/hotelImages/194/194319/194319_14040113480018926420.jpg?ca=2&ce=1&s=1024x768
AC1359,https://pix8.agoda.net/hotelImages/3648/0/e76ff3bbca4e06aa3b863c20e434b63f.jpg?ca=7&ce=1&s=1024x768
AC1360,https://pix8.agoda.net/hotelImages/268/26853980/26853980_210811190000104840785.jpg?s=1024x768
AC1361,https://pix8.agoda.net/hotelImages/5690256/-1/ca52abba3a27158f69661cc75f232253.jpg?ca=19&ce=1&s=1024x768
AC1362,https://pix8.agoda.net/hotelImages/10312/-1/b7edec9e07f033f847d13fa9523e4a84.jpg?ca=22&ce=0&s=1024x768
AC1363,https://pix8.agoda.net/hotelImages/2531326/-1/c2f578c75ce70b2fde5b274a0f7eab45.jpg?ca=7&ce=1&s=1024x768
AC1364,https://pix8.agoda.net/hotelImages/5795967/-1/18ea0dd7d451c168bb41d2db706590c2.jpg?ca=9&ce=1&s=1024x768
AC1365,https://pix8.agoda.net/hotelImages/291210/-1/2461dc8d91193f0838195be85bd4ae2a.jpg?ca=7&ce=1&s=1024x768
AC1366,https://pix8.agoda.net/hotelImages/461/461827/461827_13062217540013480909.jpg?ca=0&ce=1&s=1024x768
AC1367,https://pix8.agoda.net/hotelImages/754561/-1/eea678075b175ba8dcf77337150accba.jpg?ca=9&ce=1&s=1024x768
AC1368,https://pix8.agoda.net/hotelImages/31524864/-1/ef5e999850f9696ada11977234cadc64.jpg?ce=0&s=1024x768
AC1369,https://pix8.agoda.net/hotelImages/10951680/-1/c8ffcedce2874a3ac583a09223e6c5c7.jpg?ca=26&ce=0&s=1024x768
AC1370,https://pix8.agoda.net/hotelImages/9455124/0/4311c63b7c31d6e42eab66d2078cf3c2.jpg?ca=20&ce=0&s=1024x768
AC1371,https://pix8.agoda.net/hotelImages/37513452/-1/1b024925f7f9a6548fa179ae40156f1a.jpg?ce=0&s=1024x768
AC1372,https://pix8.agoda.net/hotelImages/781484/-1/cba0bc2b0828c70f8cb4ec67fc6cb3af.jpg?ce=0&s=1024x768
AC1373,https://pix8.agoda.net/hotelImages/10605653/-1/a6b917d178892d31aa2a395759afb4e9.jpg?ca=10&ce=1&s=1024x768
AC1374,https://pix8.agoda.net/hotelImages/22032821/0/45373bc18f0e52ee4fd213e8d5a13b35.jpg?ca=17&ce=1&s=1024x768
AC1375,https://pix8.agoda.net/hotelImages/159078/-1/0270106111fd1636737be64de06ee33f.jpg?ce=0&s=1024x768
AC1376,https://pix8.agoda.net/hotelImages/5935859/-1/61541b482234ba822871a1f727d313d9.jpg?ca=17&ce=1&s=1024x768
AC1377,https://pix8.agoda.net/hotelImages/45144431/-1/70d8daaf311d978d49e59e263f581897.jpg?ce=0&s=1024x768
AC1378,https://pix8.agoda.net/hotelImages/572476/-1/80af15753e2bbf0fe85c49740367ee83.jpg?ca=17&ce=1&s=1024x768
AC1379,https://pix8.agoda.net/hotelImages/32193982/-1/eaa33ddf19ddfd3aa4a68a1da9d19987.jpg?ce=0&s=1024x768
AC1380,https://pix8.agoda.net/hotelImages/13594586/0/da9858b9bc11652c48fae1a65ed0ecc5.jpg?ca=17&ce=1&s=1024x768
AC1381,https://pix8.agoda.net/hotelImages/256/256529/256529_15071715260032520685.jpg?ca=4&ce=1&s=1024x768
AC1382,https://pix8.agoda.net/hotelImages/243640/-1/5018293a6bcc9bd779a0d9c875af6a86.jpg?ca=9&ce=1&s=1024x768
AC1383,https://pix8.agoda.net/hotelImages/2285208/0/9100b73d021ec8dedda8613864b6aa69.jpg?ca=17&ce=1&s=1024x768
AC1384,https://pix8.agoda.net/hotelImages/35755614/0/a1dd018fba3ddee6ae71fdb6da90f517.jpg?ce=0&s=1024x768
AC1385,https://pix8.agoda.net/hotelImages/41581302/-1/2dcbf07cf47696c2516a0dde8b3f3ee1.jpg?ce=0&s=1024x768
AC1386,https://pix8.agoda.net/hotelImages/290/29002926/29002926_211202142600108931346.jpg?s=1024x768
AC1387,https://pix8.agoda.net/hotelImages/16082691/-1/1767caa4a8f2dcc0945cd4d577b8c4de.jpg?ce=0&s=1024x768
AC1388,https://pix8.agoda.net/hotelImages/1156913/-1/25627067421b5436fbf02b864e235c26.jpg?ca=6&ce=1&s=1024x768
AC1389,https://pix8.agoda.net/hotelImages/517460/-1/8c2b4dadaf8e30077354ce79461b4852.jpg?ca=7&ce=1&s=1024x768
AC1390,https://pix8.agoda.net/hotelImages/51321/-1/56cff730342492e63e167bd5488542a9.jpg?ce=0&s=1024x768
AC1391,https://pix8.agoda.net/hotelImages/906013/-1/ba8fad05ec9b8608d6156ab7efffc93e.jpg?ca=9&ce=1&s=1024x768
AC1392,https://pix8.agoda.net/hotelImages/237860/-1/9b3587169e8b565bede065ba70a33e5a.jpg?ca=0&ce=1&s=1024x768
AC1393,https://pix8.agoda.net/hotelImages/271278/-1/eef703e1c3c1c3c1fdefe99637c06dec.jpg?ca=8&ce=1&s=1024x768
AC1394,https://pix8.agoda.net/hotelImages/116/1162960/1162960_16022919050040331094.jpg?ca=6&ce=1&s=1024x768
AC1395,https://pix8.agoda.net/hotelImages/496/4962462/4962462_18050915100065306613.jpg?ca=0&ce=1&s=1024x768
AC1396,https://pix8.agoda.net/hotelImages/661189/-1/7ea18c1e1cc821e51270f407945fa8d8.jpg?ca=11&ce=1&s=1024x768
AC1397,https://pix8.agoda.net/hotelImages/462004/-1/0fbdd78b37002774922a460b10563b50.jpg?ca=7&ce=1&s=1024x768
AC1398,https://pix8.agoda.net/hotelImages/103/10344/10344_15072311160032860886.jpg?ca=4&ce=1&s=1024x768
AC1399,https://pix8.agoda.net/hotelImages/21610125/0/4acaed4f4bf199e16d0df3d8ffc02240.jpeg?ce=0&s=1024x768
AC1400,https://pix8.agoda.net/hotelImages/9455690/0/7abad2a969bc65024b9c03767f97c114.jpg?ca=9&ce=1&s=1024x768
AC1401,https://pix8.agoda.net/hotelImages/45540/-1/98ef70d584206e1dd9205a197e1505a8.jpg?ce=0&s=1024x768
AC1401,https://pix8.agoda.net/hotelImages/45540/-1/98ef70d584206e1dd9205a197e1505a8.jpg?ce=0&s=1024x768
AC1402,https://pix8.agoda.net/hotelImages/585/5856/5856_15070810160031843773.jpg?ca=4&ce=1&s=1024x768
AC1403,https://pix8.agoda.net/hotelImages/291/291045/291045_15082211470034825964.jpg?ca=5&ce=1&s=1024x768
AC1404,https://pix8.agoda.net/hotelImages/1061743/-1/4e5123da87c425e31b625543d89d65f4.jpg?ce=0&s=1024x768
AC1405,https://pix8.agoda.net/hotelImages/788414/-1/169b0fadb1471c2b5e1c910b9718ceae.jpg?ca=7&ce=1&s=1024x768
AC1406,https://pix8.agoda.net/hotelImages/497/49722/49722_16042117220041687777.jpg?ca=6&ce=1&s=1024x768
AC1407,https://pix8.agoda.net/hotelImages/28840613/-1/32c6f93d15ccd871b8a4fcb5110210e3.jpg?ca=24&ce=0&s=1024x768
AC1408,https://pix8.agoda.net/hotelImages/9119744/-1/e37702561c9f0bc70db95d55f786864c.jpg?ca=21&ce=0&s=1024x768
AC1409,https://pix8.agoda.net/hotelImages/113/1135792/1135792_16030415090040465485.jpg?ca=6&ce=1&s=1024x768
AC1410,https://pix8.agoda.net/hotelImages/27762719/-1/2f7b6e5b484047567928855500b4ce3f.jpg?ca=29&ce=0&s=1024x768
AC1411,https://pix8.agoda.net/hotelImages/49768/-1/2a9fdffeeda3d43300a5638de5dcbd47.jpg?ca=16&ce=1&s=1024x768
AC1412,https://pix8.agoda.net/hotelImages/11419224/-1/7346fb95c32b3781c8396b0c19ae0660.jpg?ca=13&ce=1&s=1024x768
AC1413,https://pix8.agoda.net/hotelImages/16209777/-1/8799d749758d24ffa3ab88fc42f51f0c.jpg?ce=0&s=1024x768
AC1414,https://pix8.agoda.net/hotelImages/14626828/-1/58cea0daca174795037b04f9fde03f48.jpg?ce=0&s=1024x768
AC1415,https://pix8.agoda.net/hotelImages/21979955/0/a0ee69a5adc0c09279f72144a0b429b3.jpg?ca=26&ce=0&s=1024x768
AC1416,https://pix8.agoda.net/hotelImages/456/45606/45606_16041721140041569348.jpg?ca=6&ce=1&s=1024x768
AC1417,https://pix8.agoda.net/hotelImages/10609116/-1/3a4df29a2014a298868b297de791b0c2.jpg?ca=9&ce=1&s=1024x768
AC1418,https://pix8.agoda.net/hotelImages/13609165/-1/8acc2bfee95e2200e72f6318878dab7e.jpg?ca=27&ce=0&s=1024x768
AC1419,https://pix8.agoda.net/hotelImages/936/936623/936623_17072117210054605577.jpg?ca=6&ce=1&s=1024x768
AC1420,https://pix8.agoda.net/hotelImages/33576877/-1/479952a97ac5b44d0fdbea8a08c2d5f6.jpg?ce=0&s=1024x768
AC1421,https://pix8.agoda.net/hotelImages/2911691/-1/c01bbe450ad7186741b948e4820414c3.jpg?ca=0&ce=1&s=1024x768
AC1422,https://pix8.agoda.net/hotelImages/43322/0/0a1ae728c76ec0150a8ccbcd8b5a7ee4.jpg?ca=7&ce=1&s=1024x768
AC1423,https://pix8.agoda.net/hotelImages/7470369/-1/edf23dd1dad445043e77acd0d588f789.jpg?ca=9&ce=1&s=1024x768
AC1424,https://pix8.agoda.net/hotelImages/189/1899389/1899389_17082907530055788297.jpg?ca=6&ce=1&s=1024x768
AC1424,https://pix8.agoda.net/hotelImages/189/1899389/1899389_17082907530055788297.jpg?ca=6&ce=1&s=1024x768
AC1425,https://pix8.agoda.net/hotelImages/20990836/-1/922171c7530cd91eed72d581c0d712bc.jpg?ca=19&ce=1&s=1024x768
AC1426,https://pix8.agoda.net/hotelImages/9084349/-1/d4b1c9e080b9a4db0f590d43425e658d.jpg?ca=9&ce=1&s=1024x768
AC1427,https://pix8.agoda.net/hotelImages/185979/-1/2523f8abdcce18e8a19f798e9f0c0da4.jpg?ce=0&s=1024x768
AC1428,https://pix8.agoda.net/hotelImages/21981812/0/ccf7025caf63be8845fc5e8c7a8b4260.jpeg?ce=0&s=1024x768
AC1429,https://pix8.agoda.net/hotelImages/7616470/-1/a394a6337db26055bbcf8235b254a9e5.jpg?ca=9&ce=1&s=1024x768
AC1430,https://pix8.agoda.net/hotelImages/33494376/-1/62c9fe6b0c60bb410d6e4ac35d49d37d.jpg?ce=0&s=1024x768
AC1431,https://pix8.agoda.net/hotelImages/1095363/-1/e5e632d3b5167d4d50cbe1a2d2e14376.jpg?ca=9&ce=1&s=1024x768
AC1432,https://pix8.agoda.net/hotelImages/12185244/-1/c8fc19e5103e3e8df2c0c90cf582c99a.jpg?ca=11&ce=1&s=1024x768
AC1433,https://pix8.agoda.net/hotelImages/17526170/-1/63b561f703390b6c7c73ba5d82391a01.jpg?ce=0&s=1024x768
AC1434,https://pix8.agoda.net/hotelImages/6430381/-1/f5acec9acc32698c5ebca48ed51133d4.jpg?ca=9&ce=1&s=1024x768
AC1435,https://pix8.agoda.net/hotelImages/226/2260256/2260256_17051609500053007507.jpg?ca=6&ce=1&s=1024x768
AC1436,https://pix8.agoda.net/hotelImages/70111/-1/b753d9f05944f4838ac1acc4d68d6ed8.jpg?ca=18&ce=1&s=1024x768
AC1437,https://pix8.agoda.net/hotelImages/8831847/-1/6e614d8417f58372af7ec55a27e4fdef.jpg?ca=10&ce=1&s=1024x768
AC1438,https://pix8.agoda.net/hotelImages/21951014/-1/0d97c195def0b5cd9f6a1d25db69e2db.jpg?ca=22&ce=0&s=1024x768
AC1439,https://pix8.agoda.net/hotelImages/1621582/-1/9a8f2bcbbb731171cb51892ed34c2ce8.jpg?ce=0&s=1024x768
AC1440,https://pix8.agoda.net/hotelImages/29220092/-1/84abfcf46220a2f685811be955570515.jpg?ca=29&ce=0&s=1024x768
AC1441,https://pix8.agoda.net/hotelImages/6692502/-1/82ad82a7f4184f5152415c21a77e3bb5.jpg?ca=8&ce=1&s=1024x768
AC1442,https://pix8.agoda.net/hotelImages/23540058/-1/4ac2570241603d147003ebbb491fa275.jpg?ca=21&ce=0&s=1024x768
AC1443,https://pix8.agoda.net/hotelImages/108308/-1/d15444bbff2dbacf0a8e98a637a6327f.jpg?ce=0&s=1024x768
AC1444,https://pix8.agoda.net/hotelImages/6577574/-1/aafb53d09742bff6e5fbd3fd8b065762.jpg?ca=8&ce=1&s=1024x768
AC1445,https://pix8.agoda.net/hotelImages/31423128/503623223/7b3a13557db2bc060e7a702534c9fa8d.jpg?ce=0&s=1024x768
AC1446,https://pix8.agoda.net/hotelImages/31562792/-1/90eecffc7fab36d9e9532d383a3aeed6.jpg?ce=0&s=1024x768
AC1447,https://pix8.agoda.net/hotelImages/1179583/-1/a380d9629979ee9395395448393af8a7.jpg?ce=0&s=1024x768
AC1448,https://pix8.agoda.net/hotelImages/5944027/-1/15ba0d066c355e7e43f711166f3e0c20.jpg?ca=8&ce=1&s=1024x768
AC1448,https://pix8.agoda.net/hotelImages/5944027/-1/15ba0d066c355e7e43f711166f3e0c20.jpg?ca=8&ce=1&s=1024x768
AC1449,https://pix8.agoda.net/hotelImages/22001968/-1/dddf09656dcd8d1f2bbf672ca66a1847.jpg?ca=22&ce=0&s=1024x768
AC1450,https://pix8.agoda.net/hotelImages/76378/-1/0d4ed3b2298bf1f8095c157be91d900c.jpg?ce=0&s=1024x768
AC1451,https://pix8.agoda.net/hotelImages/6411/-1/5cadece53750926d51625768e6ba52e4.jpg?ce=0&s=1024x768
AC1452,https://pix8.agoda.net/hotelImages/2004/-1/a244cd8f7d4871e0c9b82c576a242b9e.jpg?ca=19&ce=1&s=1024x768
AC1453,https://pix8.agoda.net/hotelImages/5106095/0/3844a0c3a97d5baaccff6117a1fe11cf.jpg?ca=23&ce=0&s=1024x768
AC1454,https://pix8.agoda.net/hotelImages/434/4346/4346_15060515060028680541.jpg?ca=4&ce=1&s=1024x768
AC1455,https://pix8.agoda.net/hotelImages/9455419/0/c972353dbea292778bd7eb7e2e95a54d.jpg?ca=9&ce=1&s=1024x768
AC1456,https://pix8.agoda.net/hotelImages/449/449/449_14080710500020873385.jpg?ca=2&ce=1&s=1024x768
AC1457,https://pix8.agoda.net/hotelImages/21607665/0/6493846b39a220baf4e05ea915e39310.jpg?ca=16&ce=1&s=1024x768
AC1458,https://pix8.agoda.net/hotelImages/108838/-1/636352dd8cf46631fe359e9a0c52919a.jpg?ca=7&ce=1&s=1024x768
AC1459,https://pix8.agoda.net/hotelImages/278/2788/2788_17031316300051513668.jpg?ca=6&ce=1&s=1024x768
AC1460,https://pix8.agoda.net/hotelImages/169069/-1/70a352e79ac9b89418b54848a76f244c.jpg?ce=0&s=1024x768
AC1461,https://pix8.agoda.net/hotelImages/63213/73602655/e93a8f6d46d129cd01caf1daa5eb94fe.jpg?ce=0&s=1024x768
AC1462,https://pix8.agoda.net/hotelImages/162/1623002/1623002_16120517250049451367.jpg?ca=6&ce=1&s=1024x768
AC1463,https://pix8.agoda.net/hotelImages/461/46134991/46134991_231010170100129505939.jpg?s=1024x768
AC1464,https://pix8.agoda.net/hotelImages/144/14453130/14453130_20042815590090136900.png?ca=11&ce=1&s=1024x768
AC1465,https://pix8.agoda.net/hotelImages/195/195127/195127_17022216490051190664.jpg?ca=6&ce=1&s=1024x768
AC1466,https://pix8.agoda.net/hotelImages/5818201/-1/3888f2af9034a72bbc937d0c8bf49a56.jpg?ca=7&ce=1&s=1024x768
AC1467,https://pix8.agoda.net/hotelImages/47665/-1/2aaa3dcd24e24f2a714d1f64816f8c97.jpg?ca=11&ce=1&s=1024x768
AC1468,https://pix8.agoda.net/hotelImages/236869/-1/91b4516b529f324a8a55a1502a507847.jpg?ca=27&ce=0&s=1024x768
AC1469,https://pix8.agoda.net/hotelImages/338/338817/338817_16112116520048943174.jpg?ca=6&ce=1&s=1024x768
AC1470,https://pix8.agoda.net/hotelImages/548575/-1/644e53de551ae18e5d7838fc6ae68498.jpg?ca=7&ce=1&s=1024x768
AC1471,https://pix8.agoda.net/hotelImages/5492808/-1/7856362ad64f238c8209777fd1adc5b0.jpg?ca=0&ce=1&s=1024x768
AC1472,https://pix8.agoda.net/hotelImages/200/20061688/20061688_21011909100094262165.jpg?ca=16&ce=1&s=1024x768
AC1473,https://pix8.agoda.net/hotelImages/257/25752077/25752077_210624165900102950023.jpg?ca=20&ce=1&s=1024x768
AC1474,https://pix8.agoda.net/hotelImages/7302557/-1/0e2a593374ab3c87aee175360884fd21.jpg?ca=10&ce=1&s=1024x768
AC1475,https://pix8.agoda.net/hotelImages/39389876/-1/a79c48d227c133f22ef868ea78bd1042.jpg?ce=0&s=1024x768
AC1476,https://pix8.agoda.net/hotelImages/69048/-1/888d771e605dc2878b77867c9da99606.jpg?ca=0&ce=1&s=1024x768
AC1477,https://pix8.agoda.net/hotelImages/281/2817161/2817161_17091914200056564329.jpg?ca=6&ce=1&s=1024x768
AC1478,https://pix8.agoda.net/hotelImages/9583034/-1/2dfe9a95d253d64820df5649f913841f.jpg?ca=13&ce=1&s=1024x768
AC1479,https://pix8.agoda.net/hotelImages/29191178/-1/4f455059943852e1d1134624a4fe563a.jpg?ca=25&ce=0&s=1024x768
AC1480,https://pix8.agoda.net/hotelImages/28930721/-1/d5bc6f177e76b5632670c246328ef856.jpg?ca=29&ce=0&s=1024x768
AC1481,https://pix8.agoda.net/hotelImages/125/1254484/1254484_16112215150048981864.jpg?ca=6&ce=1&s=1024x768
AC1482,https://pix8.agoda.net/hotelImages/106/10604412/10604412_19111211240083381428.jpg?ca=9&ce=1&s=1024x768
AC1483,https://pix8.agoda.net/hotelImages/2383/-1/17b5bb79e263716ee412874eb2ae6309.jpg?ca=25&ce=0&s=1024x768
AC1484,https://pix8.agoda.net/hotelImages/665/665516/665516_16091609430046525973.jpg?ca=6&ce=1&s=1024x768
AC1485,https://pix8.agoda.net/hotelImages/236204/-1/cf3f716372082fb6a104f0f7bf0c1cd1.jpg?ce=0&s=1024x768
AC1486,https://pix8.agoda.net/hotelImages/6533506/-1/d4fb7bd68c28732f6fb36c176bd34b1a.jpg?ca=9&ce=1&s=1024x768
AC1487,https://pix8.agoda.net/hotelImages/119/1199321/1199321_16080317100045182141.jpg?ca=6&ce=1&s=1024x768
AC1488,https://pix8.agoda.net/hotelImages/28133466/-1/85a6de62f6ef4133166978a0a013f1aa.jpg?ca=27&ce=0&s=1024x768
AC1489,https://pix8.agoda.net/hotelImages/12213469/-1/a6c216bca91de4e4dd8355bf643263a0.jpg?ca=16&ce=1&s=1024x768
AC1490,https://pix8.agoda.net/hotelImages/30369136/-1/bdcd4e61a3095626daf20b5fe7e05692.jpg?ca=27&ce=0&s=1024x768
AC1491,https://pix8.agoda.net/hotelImages/10690979/-1/165507170206996738ff1a805b42f39a.jpg?ce=0&s=1024x768
AC1492,https://pix8.agoda.net/hotelImages/25054541/-1/9f053045471de7814ce7eab9c23457ef.jpg?ce=0&s=1024x768
AC1493,https://pix8.agoda.net/hotelImages/924/924360/924360_17080412330054893413.jpg?ca=6&ce=1&s=1024x768
AC1494,https://pix8.agoda.net/hotelImages/161/1618759/1618759_17022019200051136975.jpg?ca=6&ce=1&s=1024x768
AC1495,https://pix8.agoda.net/hotelImages/117/1179321/1179321_16031812010040877055.jpg?ca=6&ce=1&s=1024x768
AC1496,https://pix8.agoda.net/hotelImages/2089494/-1/44fdd39cfd91dd523cf1d51e9aa23277.jpg?ce=0&s=1024x768
AC1497,https://q-xx.bstatic.com/xdata/images/hotel/max1024x768/328084322.jpg?k=7c876c96f9282b5615b74a155e32b18d290c31950036f683dfc456a44a142208&o=
AC1498,https://pix8.agoda.net/hotelImages/998/99882/99882_1001242039002773761.jpg?ca=0&ce=1&s=1024x768
AC1499,https://pix8.agoda.net/hotelImages/998/99881/99881_1112232238005362154.jpg?ca=0&ce=1&s=1024x768
AC1500,https://pix8.agoda.net/hotelImages/358/3581/3581_14061217450019816997.jpg?ca=2&ce=1&s=1024x768
AC1501,https://pix8.agoda.net/hotelImages/29850832/-1/34451c541c79042acbd413751426721e.jpg?ce=0&s=1024x768
AC1502,https://pix8.agoda.net/hotelImages/2462060/-1/a4c29d945e8721b5fc3acff7543993ab.jpg?ca=9&ce=1&s=1024x768
AC1503,https://pix8.agoda.net/hotelImages/2287733/0/60d1e0a23cb72784bce708e1fd793d50.jpeg?ce=0&s=1024x768
AC1504,https://pix8.agoda.net/hotelImages/746788/0/1966e77f4aea64667963bafb358efe89.jpg?ca=0&ce=1&s=1024x768
AC1505,https://pix8.agoda.net/hotelImages/21676579/0/cef85bded2167b64069348a40bb12eb8.jpg?ca=16&ce=1&s=1024x768
AC1506,https://pix8.agoda.net/hotelImages/105/1058/1058_1111181524004527884.jpg?ca=0&ce=1&s=1024x768
AC1507,https://pix8.agoda.net/hotelImages/47500/0/189442ebfe6724ce9bca22ec7ada9e1c.jpg?ca=0&ce=1&s=1024x768
AC1508,https://pix8.agoda.net/hotelImages/226732/-1/a1abe82e1c7dfb9163b828105fc64dce.jpg?ce=0&s=1024x768
AC1509,https://pix8.agoda.net/hotelImages/313/3131/3131_16121918550049781344.jpg?ca=6&ce=1&s=1024x768
AC1510,https://pix8.agoda.net/hotelImages/2293330/0/5a133ec37c920bbf686e7ba4d247534d.jpg?ca=12&ce=1&s=1024x768
AC1511,https://pix8.agoda.net/hotelImages/6950067/-1/cacdcfc48855c413319b44d88fe2e0ec.jpg?ce=0&s=1024x768
AC1512,https://pix8.agoda.net/hotelImages/425/42567/42567_0809130001008679.jpg?ca=0&ce=1&s=1024x768
AC1513,https://pix8.agoda.net/hotelImages/27915711/0/73a50f28e8374b4ff6e308df1cbf9b9b.jpg?ca=29&ce=0&s=1024x768
AC1514,https://pix8.agoda.net/hotelImages/113362/0/60c23aca12245979a9748af051e597f0.jpg?ca=7&ce=1&s=1024x768
AC1515,https://q-xx.bstatic.com/xdata/images/hotel/max1024x768/353038948.jpg?k=198b371b2858519937ea600896d2ea94ad64677b715df6b2ebda670516ada732&o=
AC1517,https://pix8.agoda.net/hotelImages/109169/-1/cd9f67ada0172a1ef6acca25231f83f0.jpg?ca=24&ce=0&s=1024x768
AC1518,https://pix8.agoda.net/hotelImages/64163/-1/1d5cbc907f447a62217e2e25fa7ffc32.jpg?ca=23&ce=0&s=1024x768
AC1519,https://pix8.agoda.net/hotelImages/15903655/-1/43280e288de7da882cc5eea462600d63.jpg?ca=18&ce=1&s=1024x768
AC1520,https://pix8.agoda.net/hotelImages/4363456/-1/a71d6ad4d29b2527b9bb824c6116cdf9.jpg?ca=12&ce=1&s=1024x768
AC1521,https://pix8.agoda.net/hotelImages/542404/-1/7d7eb26e6e2f8f8ed879aac2de4e5df7.jpg?ca=27&ce=0&s=1024x768
AC1522,https://pix8.agoda.net/hotelImages/32841636/0/d9035c432ea0e6bcaf7e42fc541baace.jpg?ce=0&s=1024x768
AC1523,https://pix8.agoda.net/hotelImages/687220/-1/85995bdf74d248511d7c8360224b0a54.jpg?ca=24&ce=0&s=1024x768
AC1524,https://pix8.agoda.net/hotelImages/29858837/-1/34fac5a0d8819ff651a2466e5294ba1f.jpg?ca=29&ce=0&s=1024x768
AC1525,https://pix8.agoda.net/hotelImages/177997/-1/75eebe91be7154db2dd259b50ffb5f4d.jpg?ca=13&ce=1&s=1024x768
AC1526,https://pix8.agoda.net/hotelImages/941926/-1/fdc2854e12f26bbc3086a2a057eed390.jpg?ce=0&s=1024x768
AC1527,https://pix8.agoda.net/hotelImages/1157049/-1/22d9655902bf2f6d8934280ac9e89197.jpg?ce=0&s=1024x768
AC1528,https://pix8.agoda.net/hotelImages/37013233/-1/1dbbe85e09d0b6613972f7fa358c975d.png?ce=0&s=1024x768
AC1529,https://pix8.agoda.net/hotelImages/5943380/-1/f3a866119ae2b29f9ff45eb6428fa2a5.png?ca=24&ce=0&s=1024x768
AC1530,https://pix8.agoda.net/hotelImages/30985073/-1/1e97863aa8332a42625f8af3f63c67b0.jpg?ca=29&ce=0&s=1024x768
AC1531,https://pix8.agoda.net/hotelImages/10927/-1/6d37cd26eb4f7b18970b7e247fc6691e.jpg?ca=21&ce=0&s=1024x768
AC1532,https://pix8.agoda.net/hotelImages/2302815/-1/4af000bfad3ff8d555dfdc6e28d0a468.jpg?ca=6&ce=1&s=1024x768
AC1533,https://pix8.agoda.net/hotelImages/33868876/0/bbef04d7077bab34625fb688700d78c7.jpg?ce=0&s=1024x768
AC1534,https://pix8.agoda.net/hotelImages/5823927/-1/f9a43e983796228992b46ba153a9f485.jpg?ca=29&ce=0&s=1024x768
AC1535,https://pix8.agoda.net/hotelImages/28324212/-1/76088ff8bad12ec172d3ca39434469a0.jpg?ca=25&ce=0&s=1024x768
AC1536,https://pix8.agoda.net/hotelImages/547502/-1/dbff0152845f54249954cddc24d5d4b4.jpg?ca=24&ce=0&s=1024x768
AC1537,https://pix8.agoda.net/hotelImages/9402406/-1/49b5a07c50512ffe6e70ee5c1f1746f8.jpg?ce=0&s=1024x768
AC1538,https://pix8.agoda.net/hotelImages/30922298/-1/ea6577f0c613d6ffba93b37bcdd495fd.jpg?ce=0&s=1024x768
AC1539,https://pix8.agoda.net/hotelImages/36844625/-1/0ff921d81c282aa3343344c6758c5d1c.jpg?ce=0&s=1024x768
AC1540,https://pix8.agoda.net/hotelImages/5881638/-1/5503f8bd4375be208fcd0cd56a3d3e3e.png?ca=23&ce=0&s=1024x768
AC1541,https://pix8.agoda.net/hotelImages/4849836/-1/5900060ce0488a70ae4704ae8cafc5be.jpg?ca=7&ce=1&s=1024x768
AC1542,https://pix8.agoda.net/hotelImages/995/995739/995739_15110518410037528564.jpg?ca=&ce=1&s=1024x768
AC1543,https://pix8.agoda.net/hotelImages/2845661/-1/9fab24da0dd5f78c8c6f3518f21d0d01.jpg?ca=7&ce=1&s=1024x768
AC1544,https://pix8.agoda.net/hotelImages/1373902/-1/22f6aa401169f1a99849069043b615fc.jpg?ca=24&ce=0&s=1024x768
AC1545,https://pix8.agoda.net/hotelImages/3358973/-1/42c2a7c1e3c5ad7b8b33969dc2e080d9.jpg?ca=7&ce=1&s=1024x768
AC1546,https://pix8.agoda.net/hotelImages/107/10737/10737_17021612400051063521.jpg?ca=6&ce=1&s=1024x768
AC1547,https://pix8.agoda.net/hotelImages/5697310/-1/cc609c43ce63b03ada7498081cd76cc3.jpg?ce=0&s=1024x768
AC1548,https://pix8.agoda.net/hotelImages/28960730/-1/a5d1e35e803193c0e66fa38128412d35.jpg?ca=26&ce=0&s=1024x768
AC1549,https://pix8.agoda.net/hotelImages/527794/-1/e8ed0aaaa9b62465ccb5e07dfbc3d0e4.jpg?ca=10&ce=1&s=1024x768
AC1550,https://pix8.agoda.net/hotelImages/564/564592/564592_14011416220018068254.jpg?ca=2&ce=1&s=1024x768
AC1551,https://pix8.agoda.net/hotelImages/22426020/-1/decd4b33933b50d80375f3ca1ab3a517.jpg?ca=24&ce=0&s=1024x768
AC1552,https://pix8.agoda.net/hotelImages/283/28347347/28347347_211021102500106721264.jpg?s=1024x768
AC1553,https://pix8.agoda.net/hotelImages/108/108561/108561_15042914120027166471.jpg?ca=4&ce=1&s=1024x768
AC1554,https://pix8.agoda.net/hotelImages/557/5577652/5577652_18073116120067208763.jpg?ca=0&ce=1&s=1024x768
AC1555,https://pix8.agoda.net/hotelImages/4991458/-1/a5b94f0b6efeee9eba42eab083e0e2f0.jpg?ca=23&ce=0&s=1024x768
AC1556,https://pix8.agoda.net/hotelImages/7937563/-1/f1be3775ae0ce8f0175a93fc41372502.jpg?ca=9&ce=1&s=1024x768
AC1557,https://pix8.agoda.net/hotelImages/227/2277730/2277730_17053123230053372661.jpg?ca=6&ce=1&s=1024x768
AC1558,https://pix8.agoda.net/hotelImages/164366/-1/ce1c5da1076eeb11b908d74cda51706d.jpg?ce=0&s=1024x768
AC1559,https://pix8.agoda.net/hotelImages/37238548/-1/0d6aeaeafbcbf1db43be2c0347a61520.jpg?ce=0&s=1024x768
AC1560,https://pix8.agoda.net/hotelImages/9057924/-1/537e116d8e3128bb965f2824067dc124.jpg?ca=9&ce=1&s=1024x768
AC1561,https://pix8.agoda.net/hotelImages/2285600/0/5653fbe7521c025f063e4e6f87b05f2c.jpg?ca=10&ce=1&s=1024x768
AC1562,https://pix8.agoda.net/hotelImages/36236408/0/2db57565a89c6f71a7d594fb91bcbcb1.jpg?ce=0&s=1024x768
AC1563,https://pix8.agoda.net/hotelImages/1166037/0/4483a0d4e40a7f07d8b31104d1b0e27d.jpg?ca=7&ce=1&s=1024x768
AC1564,https://pix8.agoda.net/hotelImages/38587524/-1/1df642e39f1645cbb0b3b9c4b82323af.jpg?ce=0&s=1024x768
AC1565,https://pix8.agoda.net/hotelImages/205/2054314/2054314_17032816440051957014.jpg?ca=6&ce=1&s=1024x768
AC1566,https://pix8.agoda.net/hotelImages/39829449/0/89949d8040967c856871d033ba804502.jpg?ce=0&s=1024x768
AC1567,https://pix8.agoda.net/hotelImages/28272550/-1/841901022e1489a6426cda0035f644bb.jpg?ca=26&ce=0&s=1024x768
AC1568,https://pix8.agoda.net/hotelImages/31250394/0/1cf640dc8e4e19bd57e18d73767403b2.jpg?ca=28&ce=0&s=1024x768
AC1569,https://pix8.agoda.net/hotelImages/316/316652/316652_1212051532009006342.jpg?ca=0&ce=1&s=1024x768
AC1570,https://pix8.agoda.net/hotelImages/974500/-1/76e167c36b3b414a24807e647555d2e5.jpg?ce=0&s=1024x768
AC1571,https://pix8.agoda.net/hotelImages/36913986/0/bb43aeff5633be74db3b1994e6e405ac.jpg?ce=0&s=1024x768
AC1572,https://pix8.agoda.net/hotelImages/9117061/-1/d0e70f91f044c8b59390d23ee41200e1.jpg?ca=27&ce=0&s=1024x768
AC1573,https://pix8.agoda.net/hotelImages/332/3328355/3328355_17111015250059116983.jpg?ca=6&ce=1&s=1024x768
AC1574,https://pix8.agoda.net/hotelImages/6755509/-1/52a85fbb0d666f96640ee99ed6853f0f.jpg?ca=16&ce=1&s=1024x768
AC1575,https://pix8.agoda.net/hotelImages/35751018/-1/cbceba1cbeb1cce538c449f4c1c479af.jpg?ce=0&s=1024x768
AC1576,https://pix8.agoda.net/hotelImages/30968669/0/91628585bbbb685ff9b3ddddc81bfe6e.jpg?ca=28&ce=0&s=1024x768
AC1577,https://pix8.agoda.net/hotelImages/651/65125/65125_13111209320017381432.jpg?ca=2&ce=1&s=1024x768
AC1578,https://pix8.agoda.net/hotelImages/4408245/-1/76a32724165974c632da2fa634a8f36b.jpg?ca=0&ce=1&s=1024x768
AC1579,https://pix8.agoda.net/hotelImages/36802569/-1/347a91144c1169dec2c21882e0531668.jpg?ce=0&s=1024x768
AC1580,https://pix8.agoda.net/hotelImages/10503/-1/9ca37c9105b3b77a8dee74abe705a8e3.jpg?ca=13&ce=1&s=1024x768
AC1581,https://pix8.agoda.net/hotelImages/2577211/-1/f48177e96b2e5d2a5d2ad0de2ff1a91c.jpg?ca=7&ce=1&s=1024x768
AC1582,https://pix8.agoda.net/hotelImages/176889/-1/4af363ba9c6a9dd23bf95965befd3192.jpg?ca=8&ce=1&s=1024x768
AC1583,https://pix8.agoda.net/hotelImages/108852/-1/446e4b4aaaea4205061dac2b1174fee0.jpg?ce=0&s=1024x768
AC1584,https://pix8.agoda.net/hotelImages/4594927/-1/be7ad67cc2b7c02ebf9893ea42f6eb59.jpg?ca=28&ce=0&s=1024x768
AC1585,https://pix8.agoda.net/hotelImages/30058911/-1/487cf0f827808ee7a4cb8a78a8ede1f6.jpg?ce=0&s=1024x768
AC1586,https://pix8.agoda.net/hotelImages/443/4435810/4435810_18022016540062162826.jpg?ca=6&ce=1&s=1024x768
AC1587,https://pix8.agoda.net/hotelImages/41042753/-1/2bb04623fc97d0c4adb81830f4590402.jpg?ce=0&s=1024x768
AC1588,https://pix8.agoda.net/hotelImages/37286438/0/e143d3c73e0cb1873a477697dd0d95ff.jpg?ce=0&s=1024x768
AC1589,https://pix8.agoda.net/hotelImages/178561/-1/7095adfc6b8f3ab2ad73b0f82af9bc44.jpg?ca=9&ce=1&s=1024x768
AC1590,https://pix8.agoda.net/hotelImages/1061886/-1/21b2a7a88199aa8cb2025a3940cd45cf.jpg?ce=0&s=1024x768
AC1591,https://pix8.agoda.net/hotelImages/9457753/460476152/dedca61bf9ca7367ac72f5dccd2c6bc7.jpg?ca=24&ce=0&s=1024x768
AC1592,https://pix8.agoda.net/hotelImages/28139114/-1/4a5deb8a9fbb1e84039d0671f04fc14b.jpg?ca=22&ce=0&s=1024x768
AC1593,https://pix8.agoda.net/hotelImages/41978906/-1/7f07da855ffaaafbc78efa094b643747.jpg?ce=0&s=1024x768
AC1594,https://pix8.agoda.net/hotelImages/105/10560/10560_15102216170037079086.jpg?ca=&ce=1&s=1024x768
AC1595,https://pix8.agoda.net/hotelImages/539/5399269/5399269_18071721030066920995.jpg?ca=0&ce=1&s=1024x768
AC1596,https://pix8.agoda.net/hotelImages/124/12488359/12488359_20020412590087772441.jpg?ca=10&ce=1&s=1024x768
AC1597,https://pix8.agoda.net/hotelImages/36245829/-1/6be3647295455b0dd726c3e9865b7764.jpg?ce=0&s=1024x768
AC1598,https://pix8.agoda.net/hotelImages/289459/-1/51f8f32e7f3de749b49dee599070fea9.jpg?ca=11&ce=1&s=1024x768
AC1599,https://pix8.agoda.net/hotelImages/241405/0/15c570657c520855bc3780aa3741f5cd.jpg?ca=0&ce=1&s=1024x768
AC1600,https://pix8.agoda.net/hotelImages/38048994/0/51c26455ccd1c65b81942d5af1a9dcee.jpg?ce=0&s=1024x768
AC1601,https://pix8.agoda.net/hotelImages/2838309/-1/25e29e1c33ec6103ebe20469041d68c7.jpg?ca=0&ce=1&s=1024x768
AC1602,https://pix8.agoda.net/hotelImages/10521/-1/5d4740fad00e37c011e78b425a3c1c2b.jpg?ca=8&ce=1&s=1024x768
AC1603,https://pix8.agoda.net/hotelImages/781377/-1/39e970b2cd51f8f92bdf9818950d4ccd.jpg?ca=9&ce=1&s=1024x768
AC1604,https://pix8.agoda.net/hotelImages/271/271075/271075_15010911290024388899.jpg?ca=3&ce=1&s=1024x768
AC1605,https://pix8.agoda.net/hotelImages/45155/-1/ec55b59c086d8052138709119f04eea4.jpg?ce=0&s=1024x768
AC1606,https://pix8.agoda.net/hotelImages/187/187032/187032_14060416480019701774.jpg?ca=2&ce=1&s=1024x768
AC1607,https://pix8.agoda.net/hotelImages/1235585/-1/d3154748363e24fc97e495f2cd20a386.jpg?ca=8&ce=1&s=1024x768
AC1608,https://pix8.agoda.net/hotelImages/779/779380/779380_15070915490031972895.jpg?ca=4&ce=1&s=1024x768
AC1609,https://pix8.agoda.net/hotelImages/5260052/-1/6772753d1878967f4e158074d81a9ca2.jpg?ca=7&ce=1&s=1024x768
AC1610,https://pix8.agoda.net/hotelImages/568286/-1/165eb3b0efe54fe56fe9a8996219939e.jpg?ce=0&s=1024x768
AC1611,https://pix8.agoda.net/hotelImages/10558089/0/2fd4e1492096a6391761f1e5f7ac59e6.jpg?ca=23&ce=0&s=1024x768
AC1612,https://pix8.agoda.net/hotelImages/9359097/-1/f7e463000a7cecbdacaa1a6ab4898a93.jpg?ca=13&ce=1&s=1024x768
AC1613,https://pix8.agoda.net/hotelImages/35758375/-1/05172370502c799f4daeef7564d9d21c.jpg?ce=0&s=1024x768
AC1614,https://pix8.agoda.net/hotelImages/37216319/613500487/06944a2e69396e047bba481815eaeef9.jpg?ce=0&s=1024x768
