ACCOM_NAME,IMG_PATH,TOTAL_REVIEWS
차트리움 호텔 리버사이드 방콕 (SHA Extra Plus) (Chatrium Hotel Riverside Bangkok (SHA Extra Plus)),https://pix8.agoda.net/hotelImages/109169/-1/cd9f67ada0172a1ef6acca25231f83f0.jpg?ca=24&ce=0&s=1024x768,19767
차트리움 레지던스 사톤 방콕 (SHA Plus+) (Chatrium Residence Sathon Bangkok (SHA Plus+)),https://pix8.agoda.net/hotelImages/64163/-1/1d5cbc907f447a62217e2e25fa7ffc32.jpg?ca=23&ce=0&s=1024x768,10058
마이트리아 호텔 라마 9 방콕 - 어 차트리움 컬렉션 (SHA Extra Plus) (Maitria Hotel Rama 9 Bangkok - A Chatrium Collection (SHA Extra Plus)),https://pix8.agoda.net/hotelImages/15903655/-1/43280e288de7da882cc5eea462600d63.jpg?ca=18&ce=1&s=1024x768,1599
나라 호텔 (Narra hotel),https://pix8.agoda.net/hotelImages/4363456/-1/a71d6ad4d29b2527b9bb824c6116cdf9.jpg?ca=12&ce=1&s=1024x768,4927
Radisson Blu Plaza Bangkok (SHA Plus+),https://pix8.agoda.net/hotelImages/542404/-1/7d7eb26e6e2f8f8ed879aac2de4e5df7.jpg?ca=27&ce=0&s=1024x768,3988
그랜드 BS 에어포트 호텔 수완나품 (Grand BS Airport Hotel Suvarnabhumi),https://pix8.agoda.net/hotelImages/32841636/0/d9035c432ea0e6bcaf7e42fc541baace.jpg?ce=0&s=1024x768,10597
마이트리아 호텔 수쿰빗 18 방콕 - 어 차트리움 컬렉션 (Maitria Hotel Sukhumvit 18 Bangkok – A Chatrium Collection),https://pix8.agoda.net/hotelImages/687220/-1/85995bdf74d248511d7c8360224b0a54.jpg?ca=24&ce=0&s=1024x768,4179
"The Standard, Bangkok Mahanakhon",https://pix8.agoda.net/hotelImages/29858837/-1/34fac5a0d8819ff651a2466e5294ba1f.jpg?ca=29&ce=0&s=1024x768,3269
더 블레스 호텔 앤 레지던스 (The Bless Hotel & Residence),https://pix8.agoda.net/hotelImages/177997/-1/75eebe91be7154db2dd259b50ffb5f4d.jpg?ca=13&ce=1&s=1024x768,7212
Galleria 12 Sukhumvit Bangkok by Compass Hospitality,https://pix8.agoda.net/hotelImages/941926/-1/fdc2854e12f26bbc3086a2a057eed390.jpg?ce=0&s=1024x768,6386
더 식스틴스 나이양 비치 호텔 (SHA Extra Plus) (The Sixteenth Naiyang Beach Hotel (SHA Extra Plus)),https://pix8.agoda.net/hotelImages/1157049/-1/22d9655902bf2f6d8934280ac9e89197.jpg?ce=0&s=1024x768,1515
Anantara Koh Yao Yai Resort & Villas,https://pix8.agoda.net/hotelImages/37013233/-1/1dbbe85e09d0b6613972f7fa358c975d.png?ce=0&s=1024x768,53
Woovo Phuket Patong,https://pix8.agoda.net/hotelImages/5943380/-1/f3a866119ae2b29f9ff45eb6428fa2a5.png?ca=24&ce=0&s=1024x768,932
빌라 알라나 푸켓 (Villa Alanna Phuket),https://pix8.agoda.net/hotelImages/30985073/-1/1e97863aa8332a42625f8af3f63c67b0.jpg?ca=29&ce=0&s=1024x768,216
로얄 푸켓 시티 호텔 (SHA Extra Plus) (Royal Phuket City Hotel (SHA Extra Plus)),https://pix8.agoda.net/hotelImages/10927/-1/6d37cd26eb4f7b18970b7e247fc6691e.jpg?ca=21&ce=0&s=1024x768,2318
판푸리 레지던스 (SHA Extra Plus) (Panphuree Residence (SHA Extra Plus)),https://pix8.agoda.net/hotelImages/2302815/-1/4af000bfad3ff8d555dfdc6e28d0a468.jpg?ca=6&ce=1&s=1024x768,2215
카말라 푸켓 스위트 앤 리조트 (SHA Extra Plus) (Radisson Resort & Suites Phuket),https://pix8.agoda.net/hotelImages/33868876/0/bbef04d7077bab34625fb688700d78c7.jpg?ce=0&s=1024x768,1352
"스플래쉬 비치 리조트, 마이 카오 푸켓 (SHA Plus+) (Splash Beach Resort, Mai Khao Phuket (SHA Plus+))",https://pix8.agoda.net/hotelImages/5823927/-1/f9a43e983796228992b46ba153a9f485.jpg?ca=29&ce=0&s=1024x768,3000
코코텔 푸켓 나이양 비치 (SHA Extra Plus) (Kokotel Phuket Nai Yang Beach (SHA Extra Plus)),https://pix8.agoda.net/hotelImages/28324212/-1/76088ff8bad12ec172d3ca39434469a0.jpg?ca=25&ce=0&s=1024x768,1699
안다만트라 리조트 앤 빌라 푸켓 (SHA Extra Plus) (Andamantra Resort and Villa Phuket (SHA Extra plus)),https://pix8.agoda.net/hotelImages/547502/-1/dbff0152845f54249954cddc24d5d4b4.jpg?ca=24&ce=0&s=1024x768,7633
SYN 부티크 호텔 (SHA Extra Plus) (SYN Boutique Hotel (SHA Extra Plus)),https://pix8.agoda.net/hotelImages/9402406/-1/49b5a07c50512ffe6e70ee5c1f1746f8.jpg?ce=0&s=1024x768,1371
하이 치앙마이 호텔 (Hi Chiangmai Hotel),https://pix8.agoda.net/hotelImages/30922298/-1/ea6577f0c613d6ffba93b37bcdd495fd.jpg?ce=0&s=1024x768,711
Travelodge Nimman,https://pix8.agoda.net/hotelImages/36844625/-1/0ff921d81c282aa3343344c6758c5d1c.jpg?ce=0&s=1024x768,2815
프라 싱 빌리지 (SHA Extra Plus) (Phra Singh Village (SHA Extra Plus)),https://pix8.agoda.net/hotelImages/5881638/-1/5503f8bd4375be208fcd0cd56a3d3e3e.png?ca=23&ce=0&s=1024x768,3014
Hotel MAYU Chiang Mai,https://pix8.agoda.net/hotelImages/4849836/-1/5900060ce0488a70ae4704ae8cafc5be.jpg?ca=7&ce=1&s=1024x768,5745
핑비만 호텔 (SHA Extra Plus) (Pingviman Hotel (SHA Extra Plus)),https://pix8.agoda.net/hotelImages/995/995739/995739_15110518410037528564.jpg?ca=&ce=1&s=1024x768,5521
찰라 넘버 6 (SHA Extra Plus) (Chala Number 6 (SHA Extra Plus)),https://pix8.agoda.net/hotelImages/2845661/-1/9fab24da0dd5f78c8c6f3518f21d0d01.jpg?ca=7&ce=1&s=1024x768,2294
U Nimman Chiang Mai,https://pix8.agoda.net/hotelImages/1373902/-1/22f6aa401169f1a99849069043b615fc.jpg?ca=24&ce=0&s=1024x768,8766
컨텐트 빌라 치앙마이 (Content Villa Chiang Mai),https://pix8.agoda.net/hotelImages/3358973/-1/42c2a7c1e3c5ad7b8b33969dc2e080d9.jpg?ca=7&ce=1&s=1024x768,584
치앙마이 오키드 호텔 (SHA Extra Plus) (Chiang Mai Orchid Hotel (SHA Extra Plus)),https://pix8.agoda.net/hotelImages/107/10737/10737_17021612400051063521.jpg?ca=6&ce=1&s=1024x768,4296
Grande Centre Point Pattaya,https://pix8.agoda.net/hotelImages/5697310/-1/cc609c43ce63b03ada7498081cd76cc3.jpg?ce=0&s=1024x768,12984
파야 호텔 (Payaa Hotel),https://pix8.agoda.net/hotelImages/28960730/-1/a5d1e35e803193c0e66fa38128412d35.jpg?ca=26&ce=0&s=1024x768,3854
Siam @ Siam Design Hotel Pattaya,https://pix8.agoda.net/hotelImages/527794/-1/e8ed0aaaa9b62465ccb5e07dfbc3d0e4.jpg?ca=10&ce=1&s=1024x768,17587
테반 좀 티엔 호텔 파타야 (Tevan Jomtien Hotel Pattaya),https://pix8.agoda.net/hotelImages/564/564592/564592_14011416220018068254.jpg?ca=2&ce=1&s=1024x768,5189
"Lewit Hotel Pattaya, a member of Radisson Individuals",https://pix8.agoda.net/hotelImages/22426020/-1/decd4b33933b50d80375f3ca1ab3a517.jpg?ca=24&ce=0&s=1024x768,487
아버 호텔 앤 레지던스 파타야 (SHA Plus+) (Arbour Hotel and Residence Pattaya (SHA Plus+)),https://pix8.agoda.net/hotelImages/283/28347347/28347347_211021102500106721264.jpg?s=1024x768,7223
호텔 비스타 (Hotel Vista),https://pix8.agoda.net/hotelImages/108/108561/108561_15042914120027166471.jpg?ca=4&ce=1&s=1024x768,8989
LK 에메랄드 비치 (SHA Extra Plus) (LK Emerald Beach (SHA Extra Plus)),https://pix8.agoda.net/hotelImages/557/5577652/5577652_18073116120067208763.jpg?ca=0&ce=1&s=1024x768,3574
나바나 네이처 이스케이프 (SHA Plus+) (Navana Nature Escape (SHA Plus+)),https://pix8.agoda.net/hotelImages/4991458/-1/a5b94f0b6efeee9eba42eab083e0e2f0.jpg?ca=23&ce=0&s=1024x768,5511
아나 아난 리조트 앤 빌라 파타야 (SHA Extra Plus) (Ana Anan Resort & Villas Pattaya (SHA Extra Plus)),https://pix8.agoda.net/hotelImages/7937563/-1/f1be3775ae0ce8f0175a93fc41372502.jpg?ca=9&ce=1&s=1024x768,8671
